,kVp_kV,InherentFiltration_mmAl,AddedFiltration_mmCu,AddedFiltration_mmAl,AddedFiltration_mmAir,DeviceModel,AcquisitionPlane,AnodeAngle_deg,HVL_mmAl,LabName,MeasurementDate
0,25.0,3.1,0.0,0,750,Allura Clarity,Plane B,11,0.7831282088415233,U104,20180412
1,25.0,3.1,0.1,0,750,Allura Clarity,Plane B,11,0.9751846766909921,U104,20180412
2,25.0,3.1,0.4,0,750,Allura Clarity,Plane B,11,1.1843383496937576,U104,20180412
3,25.0,3.1,0.9,0,750,Allura Clarity,Plane B,11,1.2852684214320587,U104,20180412
4,25.0,3.1,0.0,1,750,Allura Clarity,Plane B,11,0.8606614299051353,U104,20180412
5,25.0,3.1,0.1,1,750,Allura Clarity,Plane B,11,1.0127985165783617,U104,20180412
6,25.0,3.1,0.4,1,750,Allura Clarity,Plane B,11,1.1950257796491428,U104,20180412
7,25.0,3.1,0.9,1,750,Allura Clarity,Plane B,11,1.2883255476425182,U104,20180412
8,26.0,3.1,0.0,0,750,Allura Clarity,Plane B,11,0.8381788653530371,U104,20180412
9,26.0,3.1,0.1,0,750,Allura Clarity,Plane B,11,1.0553583953698968,U104,20180412
10,26.0,3.1,0.4,0,750,Allura Clarity,Plane B,11,1.2973550584013782,U104,20180412
11,26.0,3.1,0.9,0,750,Allura Clarity,Plane B,11,1.4190865333937368,U104,20180412
12,26.0,3.1,0.0,1,750,Allura Clarity,Plane B,11,0.9248241259965755,U104,20180412
13,26.0,3.1,0.1,1,750,Allura Clarity,Plane B,11,1.0981143111613036,U104,20180412
14,26.0,3.1,0.4,1,750,Allura Clarity,Plane B,11,1.309872589324199,U104,20180412
15,26.0,3.1,0.9,1,750,Allura Clarity,Plane B,11,1.4229199250529678,U104,20180412
16,27.0,3.1,0.0,0,750,Allura Clarity,Plane B,11,0.8930529463488109,U104,20180412
17,27.0,3.1,0.1,0,750,Allura Clarity,Plane B,11,1.1364911793004424,U104,20180412
18,27.0,3.1,0.4,0,750,Allura Clarity,Plane B,11,1.4136025617966805,U104,20180412
19,27.0,3.1,0.9,0,750,Allura Clarity,Plane B,11,1.5574017292030877,U104,20180412
20,27.0,3.1,0.0,1,750,Allura Clarity,Plane B,11,0.9890980548334876,U104,20180412
21,27.0,3.1,0.1,1,750,Allura Clarity,Plane B,11,1.1846699028144525,U104,20180412
22,27.0,3.1,0.4,1,750,Allura Clarity,Plane B,11,1.428048416236988,U104,20180412
23,27.0,3.1,0.9,1,750,Allura Clarity,Plane B,11,1.562033062025508,U104,20180412
24,28.0,3.1,0.0,0,750,Allura Clarity,Plane B,11,0.9476336505890921,U104,20180412
25,28.0,3.1,0.1,0,750,Allura Clarity,Plane B,11,1.218330333832539,U104,20180412
26,28.0,3.1,0.4,0,750,Allura Clarity,Plane B,11,1.5327721206166207,U104,20180412
27,28.0,3.1,0.9,0,750,Allura Clarity,Plane B,11,1.700214252692626,U104,20180412
28,28.0,3.1,0.0,1,750,Allura Clarity,Plane B,11,1.053319049078817,U104,20180412
29,28.0,3.1,0.1,1,750,Allura Clarity,Plane B,11,1.2721934469355876,U104,20180412
30,28.0,3.1,0.4,1,750,Allura Clarity,Plane B,11,1.5492816489647232,U104,20180412
31,28.0,3.1,0.9,1,750,Allura Clarity,Plane B,11,1.7057154345782035,U104,20180412
32,29.0,3.1,0.0,0,750,Allura Clarity,Plane B,11,1.001738492682851,U104,20180412
33,29.0,3.1,0.1,0,750,Allura Clarity,Plane B,11,1.3003902591691952,U104,20180412
34,29.0,3.1,0.4,0,750,Allura Clarity,Plane B,11,1.6535592017842653,U104,20180412
35,29.0,3.1,0.9,0,750,Allura Clarity,Plane B,11,1.8449146071767084,U104,20180412
36,29.0,3.1,0.0,1,750,Allura Clarity,Plane B,11,1.1172026917346296,U104,20180412
37,29.0,3.1,0.1,1,750,Allura Clarity,Plane B,11,1.3600895734240088,U104,20180412
38,29.0,3.1,0.4,1,750,Allura Clarity,Plane B,11,1.6721413045058766,U104,20180412
39,29.0,3.1,0.9,1,750,Allura Clarity,Plane B,11,1.8512038019909682,U104,20180412
40,30.0,3.1,0.0,0,750,Allura Clarity,Plane B,11,1.0552461461285618,U104,20180412
41,30.0,3.1,0.1,0,750,Allura Clarity,Plane B,11,1.382386044989529,U104,20180412
42,30.0,3.1,0.4,0,750,Allura Clarity,Plane B,11,1.775802877049661,U104,20180412
43,30.0,3.1,0.9,0,750,Allura Clarity,Plane B,11,1.9927337308619901,U104,20180412
44,30.0,3.1,0.0,1,750,Allura Clarity,Plane B,11,1.1805682632030214,U104,20180412
45,30.0,3.1,0.1,1,750,Allura Clarity,Plane B,11,1.4480476261994424,U104,20180412
46,30.0,3.1,0.4,1,750,Allura Clarity,Plane B,11,1.796552102561772,U104,20180412
47,30.0,3.1,0.9,1,750,Allura Clarity,Plane B,11,1.9999082137707502,U104,20180412
48,31.0,3.1,0.0,0,750,Allura Clarity,Plane B,11,1.1081830122904959,U104,20180412
49,31.0,3.1,0.1,0,750,Allura Clarity,Plane B,11,1.4641965668764787,U104,20180412
50,31.0,3.1,0.4,0,750,Allura Clarity,Plane B,11,1.8993241794990499,U104,20180412
51,31.0,3.1,0.9,0,750,Allura Clarity,Plane B,11,2.143237504311792,U104,20180412
52,31.0,3.1,0.0,1,750,Allura Clarity,Plane B,11,1.2433912327154237,U104,20180412
53,31.0,3.1,0.1,1,750,Allura Clarity,Plane B,11,1.5359216748904205,U104,20180412
54,31.0,3.1,0.4,1,750,Allura Clarity,Plane B,11,1.9223358569715292,U104,20180412
55,31.0,3.1,0.9,1,750,Allura Clarity,Plane B,11,2.151323753414942,U104,20180412
56,32.0,3.1,0.0,0,750,Allura Clarity,Plane B,11,1.160365698448384,U104,20180412
57,32.0,3.1,0.1,0,750,Allura Clarity,Plane B,11,1.5455000613690972,U104,20180412
58,32.0,3.1,0.4,0,750,Allura Clarity,Plane B,11,2.023450441424516,U104,20180412
59,32.0,3.1,0.9,0,750,Allura Clarity,Plane B,11,2.295294660837872,U104,20180412
60,32.0,3.1,0.0,1,750,Allura Clarity,Plane B,11,1.3054451833370548,U104,20180412
61,32.0,3.1,0.1,1,750,Allura Clarity,Plane B,11,1.6233471194520823,U104,20180412
62,32.0,3.1,0.4,1,750,Allura Clarity,Plane B,11,2.0487763025204124,U104,20180412
63,32.0,3.1,0.9,1,750,Allura Clarity,Plane B,11,2.304286427916086,U104,20180412
64,33.0,3.1,0.0,0,750,Allura Clarity,Plane B,11,1.2117773949266912,U104,20180412
65,33.0,3.1,0.1,0,750,Allura Clarity,Plane B,11,1.626200732316632,U104,20180412
66,33.0,3.1,0.4,0,750,Allura Clarity,Plane B,11,2.148052782066692,U104,20180412
67,33.0,3.1,0.9,0,750,Allura Clarity,Plane B,11,2.449216964111739,U104,20180412
68,33.0,3.1,0.0,1,750,Allura Clarity,Plane B,11,1.3666927724994755,U104,20180412
69,33.0,3.1,0.1,1,750,Allura Clarity,Plane B,11,1.7102195342388604,U104,20180412
70,33.0,3.1,0.4,1,750,Allura Clarity,Plane B,11,2.1757755550872115,U104,20180412
71,33.0,3.1,0.9,1,750,Allura Clarity,Plane B,11,2.4591886905443414,U104,20180412
72,34.0,3.1,0.0,0,750,Allura Clarity,Plane B,11,1.2624472034054492,U104,20180412
73,34.0,3.1,0.1,0,750,Allura Clarity,Plane B,11,1.7062892499685813,U104,20180412
74,34.0,3.1,0.4,0,750,Allura Clarity,Plane B,11,2.2731840084110013,U104,20180412
75,34.0,3.1,0.9,0,750,Allura Clarity,Plane B,11,2.605472334590451,U104,20180412
76,34.0,3.1,0.0,1,750,Allura Clarity,Plane B,11,1.4271605568656704,U104,20180412
77,34.0,3.1,0.1,1,750,Allura Clarity,Plane B,11,1.7965394642755024,U104,20180412
78,34.0,3.1,0.4,1,750,Allura Clarity,Plane B,11,2.3034295158139244,U104,20180412
79,34.0,3.1,0.9,1,750,Allura Clarity,Plane B,11,2.616541601772018,U104,20180412
80,35.0,3.1,0.0,0,750,Allura Clarity,Plane B,11,1.312362521409046,U104,20180412
81,35.0,3.1,0.1,0,750,Allura Clarity,Plane B,11,1.7857348293158386,U104,20180412
82,35.0,3.1,0.4,0,750,Allura Clarity,Plane B,11,2.398891874983702,U104,20180412
83,35.0,3.1,0.9,0,750,Allura Clarity,Plane B,11,2.7642942636986954,U104,20180412
84,35.0,3.1,0.0,1,750,Allura Clarity,Plane B,11,1.4868379919190433,U104,20180412
85,35.0,3.1,0.1,1,750,Allura Clarity,Plane B,11,1.8822924002671169,U104,20180412
86,35.0,3.1,0.4,1,750,Allura Clarity,Plane B,11,2.431813141557562,U104,20180412
87,35.0,3.1,0.9,1,750,Allura Clarity,Plane B,11,2.7765869703309223,U104,20180412
88,36.0,3.1,0.0,0,750,Allura Clarity,Plane B,11,1.361531644547217,U104,20180412
89,36.0,3.1,0.1,0,750,Allura Clarity,Plane B,11,1.8644675789962204,U104,20180412
90,36.0,3.1,0.4,0,750,Allura Clarity,Plane B,11,2.524811268621526,U104,20180412
91,36.0,3.1,0.9,0,750,Allura Clarity,Plane B,11,2.924557280282352,U104,20180412
92,36.0,3.1,0.0,1,750,Allura Clarity,Plane B,11,1.5457166925913064,U104,20180412
93,36.0,3.1,0.1,1,750,Allura Clarity,Plane B,11,1.9673842760568974,U104,20180412
94,36.0,3.1,0.4,1,750,Allura Clarity,Plane B,11,2.5605102534302997,U104,20180412
95,36.0,3.1,0.9,1,750,Allura Clarity,Plane B,11,2.93810006605117,U104,20180412
96,37.0,3.1,0.0,0,750,Allura Clarity,Plane B,11,1.4099513847163576,U104,20180412
97,37.0,3.1,0.1,0,750,Allura Clarity,Plane B,11,1.9423924510361879,U104,20180412
98,37.0,3.1,0.4,0,750,Allura Clarity,Plane B,11,2.6503876632517547,U104,20180412
99,37.0,3.1,0.9,0,750,Allura Clarity,Plane B,11,3.0847465971835195,U104,20180412
100,37.0,3.1,0.0,1,750,Allura Clarity,Plane B,11,1.603769041597973,U104,20180412
101,37.0,3.1,0.1,1,750,Allura Clarity,Plane B,11,2.051677490207541,U104,20180412
102,37.0,3.1,0.4,1,750,Allura Clarity,Plane B,11,2.688884917646078,U104,20180412
103,37.0,3.1,0.9,1,750,Allura Clarity,Plane B,11,3.099481101571155,U104,20180412
104,38.0,3.1,0.0,0,750,Allura Clarity,Plane B,11,1.45762420726843,U104,20180412
105,38.0,3.1,0.1,0,750,Allura Clarity,Plane B,11,2.019437469145637,U104,20180412
106,38.0,3.1,0.4,0,750,Allura Clarity,Plane B,11,2.7752843871660544,U104,20180412
107,38.0,3.1,0.9,0,750,Allura Clarity,Plane B,11,3.2444573915228467,U104,20180412
108,38.0,3.1,0.0,1,750,Allura Clarity,Plane B,11,1.6609791822393898,U104,20180412
109,38.0,3.1,0.1,1,750,Allura Clarity,Plane B,11,2.1350717206844685,U104,20180412
110,38.0,3.1,0.4,1,750,Allura Clarity,Plane B,11,2.8165775463803904,U104,20180412
111,38.0,3.1,0.9,1,750,Allura Clarity,Plane B,11,3.2603601325086617,U104,20180412
112,39.0,3.1,0.0,0,750,Allura Clarity,Plane B,11,1.504559692012346,U104,20180412
113,39.0,3.1,0.1,0,750,Allura Clarity,Plane B,11,2.0955713297879126,U104,20180412
114,39.0,3.1,0.4,0,750,Allura Clarity,Plane B,11,2.8994140181228447,U104,20180412
115,39.0,3.1,0.9,0,750,Allura Clarity,Plane B,11,3.403933666355831,U104,20180412
116,39.0,3.1,0.0,1,750,Allura Clarity,Plane B,11,1.7173489700157614,U104,20180412
117,39.0,3.1,0.1,1,750,Allura Clarity,Plane B,11,2.2175286654643824,U104,20180412
118,39.0,3.1,0.4,1,750,Allura Clarity,Plane B,11,2.9435175558708564,U104,20180412
119,39.0,3.1,0.9,1,750,Allura Clarity,Plane B,11,3.421040164526442,U104,20180412
120,40.0,3.1,0.0,0,750,Allura Clarity,Plane B,11,1.550767754362492,U104,20180412
121,40.0,3.1,0.1,0,750,Allura Clarity,Plane B,11,2.1707816907444624,U104,20180412
122,40.0,3.1,0.4,0,750,Allura Clarity,Plane B,11,3.0227697343107014,U104,20180412
123,40.0,3.1,0.9,0,750,Allura Clarity,Plane B,11,3.563457345331031,U104,20180412
124,40.0,3.1,0.0,1,750,Allura Clarity,Plane B,11,1.7728864928337456,U104,20180412
125,40.0,3.1,0.1,1,750,Allura Clarity,Plane B,11,2.2990374719240365,U104,20180412
126,40.0,3.1,0.4,1,750,Allura Clarity,Plane B,11,3.0697202864471755,U104,20180412
127,40.0,3.1,0.9,1,750,Allura Clarity,Plane B,11,3.581840706815805,U104,20180412
128,41.0,3.1,0.0,0,750,Allura Clarity,Plane B,11,1.5963635439064385,U104,20180412
129,41.0,3.1,0.1,0,750,Allura Clarity,Plane B,11,2.2451435883191637,U104,20180412
130,41.0,3.1,0.4,0,750,Allura Clarity,Plane B,11,3.145383941455461,U104,20180412
131,41.0,3.1,0.9,0,750,Allura Clarity,Plane B,11,3.722870630298296,U104,20180412
132,41.0,3.1,0.0,1,750,Allura Clarity,Plane B,11,1.8276890013223095,U104,20180412
133,41.0,3.1,0.1,1,750,Allura Clarity,Plane B,11,2.3796705641351497,U104,20180412
134,41.0,3.1,0.4,1,750,Allura Clarity,Plane B,11,3.1952106604261195,U104,20180412
135,41.0,3.1,0.9,1,750,Allura Clarity,Plane B,11,3.7425735310631234,U104,20180412
136,42.0,3.1,0.0,0,750,Allura Clarity,Plane B,11,1.6412473077860752,U104,20180412
137,42.0,3.1,0.1,0,750,Allura Clarity,Plane B,11,2.3185364328753857,U104,20180412
138,42.0,3.1,0.4,0,750,Allura Clarity,Plane B,11,3.2670114969660426,U104,20180412
139,42.0,3.1,0.9,0,750,Allura Clarity,Plane B,11,3.8814175616041644,U104,20180412
140,42.0,3.1,0.0,1,750,Allura Clarity,Plane B,11,1.8816522323916358,U104,20180412
141,42.0,3.1,0.1,1,750,Allura Clarity,Plane B,11,2.459297715983418,U104,20180412
142,42.0,3.1,0.4,1,750,Allura Clarity,Plane B,11,3.3197133059915167,U104,20180412
143,42.0,3.1,0.9,1,750,Allura Clarity,Plane B,11,3.9024237277311435,U104,20180412
144,43.0,3.1,0.0,0,750,Allura Clarity,Plane B,11,1.6854735514154475,U104,20180412
145,43.0,3.1,0.1,0,750,Allura Clarity,Plane B,11,2.390996607521917,U104,20180412
146,43.0,3.1,0.4,0,750,Allura Clarity,Plane B,11,3.3875561128748237,U104,20180412
147,43.0,3.1,0.9,0,750,Allura Clarity,Plane B,11,4.038776212517072,U104,20180412
148,43.0,3.1,0.0,1,750,Allura Clarity,Plane B,11,1.9348298519120133,U104,20180412
149,43.0,3.1,0.1,1,750,Allura Clarity,Plane B,11,2.537943877170793,U104,20180412
150,43.0,3.1,0.4,1,750,Allura Clarity,Plane B,11,3.4431154678467166,U104,20180412
151,43.0,3.1,0.9,1,750,Allura Clarity,Plane B,11,4.061060192926958,U104,20180412
152,44.0,3.1,0.0,0,750,Allura Clarity,Plane B,11,1.7290899767839685,U104,20180412
153,44.0,3.1,0.1,0,750,Allura Clarity,Plane B,11,2.4625582531996444,U104,20180412
154,44.0,3.1,0.4,0,750,Allura Clarity,Plane B,11,3.506990530148179,U104,20180412
155,44.0,3.1,0.9,0,750,Allura Clarity,Plane B,11,4.194942425877497,U104,20180412
156,44.0,3.1,0.0,1,750,Allura Clarity,Plane B,11,1.987269750433428,U104,20180412
157,44.0,3.1,0.1,1,750,Allura Clarity,Plane B,11,2.615638948523123,U104,20180412
158,44.0,3.1,0.4,1,750,Allura Clarity,Plane B,11,3.5653912075223966,U104,20180412
159,44.0,3.1,0.9,1,750,Allura Clarity,Plane B,11,4.2184989625307905,U104,20180412
160,45.0,3.1,0.0,0,750,Allura Clarity,Plane B,11,1.7721364818641183,U104,20180412
161,45.0,3.1,0.1,0,750,Allura Clarity,Plane B,11,2.533242679096655,U104,20180412
162,45.0,3.1,0.4,0,750,Allura Clarity,Plane B,11,3.6252927343319836,U104,20180412
163,45.0,3.1,0.9,0,750,Allura Clarity,Plane B,11,4.350004206193282,U104,20180412
164,45.0,3.1,0.0,1,750,Allura Clarity,Plane B,11,2.039011716696856,U104,20180412
165,45.0,3.1,0.1,1,750,Allura Clarity,Plane B,11,2.6924003792667466,U104,20180412
166,45.0,3.1,0.4,1,750,Allura Clarity,Plane B,11,3.68652648542676,U104,20180412
167,45.0,3.1,0.9,1,750,Allura Clarity,Plane B,11,4.374851137220463,U104,20180412
168,46.0,3.1,0.0,0,750,Allura Clarity,Plane B,11,1.8146359033321482,U104,20180412
169,46.0,3.1,0.1,0,750,Allura Clarity,Plane B,11,2.6030473537364975,U104,20180412
170,46.0,3.1,0.4,0,750,Allura Clarity,Plane B,11,3.742344048242829,U104,20180412
171,46.0,3.1,0.9,0,750,Allura Clarity,Plane B,11,4.50365892316682,U104,20180412
172,46.0,3.1,0.0,1,750,Allura Clarity,Plane B,11,2.0900753652373605,U104,20180412
173,46.0,3.1,0.1,1,750,Allura Clarity,Plane B,11,2.7682171495977057,U104,20180412
174,46.0,3.1,0.4,1,750,Allura Clarity,Plane B,11,3.8063932724682785,U104,20180412
175,46.0,3.1,0.9,1,750,Allura Clarity,Plane B,11,4.529801426087789,U104,20180412
176,47.0,3.1,0.0,0,750,Allura Clarity,Plane B,11,1.8566002380181692,U104,20180412
177,47.0,3.1,0.1,0,750,Allura Clarity,Plane B,11,2.671934143348901,U104,20180412
178,47.0,3.1,0.4,0,750,Allura Clarity,Plane B,11,3.857899484220915,U104,20180412
179,47.0,3.1,0.9,0,750,Allura Clarity,Plane B,11,4.655282600821013,U104,20180412
180,47.0,3.1,0.0,1,750,Allura Clarity,Plane B,11,2.1404620832824977,U104,20180412
181,47.0,3.1,0.1,1,750,Allura Clarity,Plane B,11,2.8430321272394705,U104,20180412
182,47.0,3.1,0.4,1,750,Allura Clarity,Plane B,11,3.924722458660109,U104,20180412
183,47.0,3.1,0.9,1,750,Allura Clarity,Plane B,11,4.682692868831997,U104,20180412
184,48.0,3.1,0.0,0,750,Allura Clarity,Plane B,11,1.8980418273714372,U104,20180412
185,48.0,3.1,0.1,0,750,Allura Clarity,Plane B,11,2.7398779466194187,U104,20180412
186,48.0,3.1,0.4,0,750,Allura Clarity,Plane B,11,3.971784487559589,U104,20180412
187,48.0,3.1,0.9,0,750,Allura Clarity,Plane B,11,4.804532041546664,U104,20180412
188,48.0,3.1,0.0,1,750,Allura Clarity,Plane B,11,2.1901769149724073,U104,20180412
189,48.0,3.1,0.1,1,750,Allura Clarity,Plane B,11,2.9168062593556736,U104,20180412
190,48.0,3.1,0.4,1,750,Allura Clarity,Plane B,11,4.041325392128614,U104,20180412
191,48.0,3.1,0.9,1,750,Allura Clarity,Plane B,11,4.833174008887972,U104,20180412
192,49.0,3.1,0.0,0,750,Allura Clarity,Plane B,11,1.9389736824947033,U104,20180412
193,49.0,3.1,0.1,0,750,Allura Clarity,Plane B,11,2.8068690128897877,U104,20180412
194,49.0,3.1,0.4,0,750,Allura Clarity,Plane B,11,4.083943568557514,U104,20180412
195,49.0,3.1,0.9,0,750,Allura Clarity,Plane B,11,4.951403708569423,U104,20180412
196,49.0,3.1,0.0,1,750,Allura Clarity,Plane B,11,2.23922916418561,U104,20180412
197,49.0,3.1,0.1,1,750,Allura Clarity,Plane B,11,2.9895237036963773,U104,20180412
198,49.0,3.1,0.4,1,750,Allura Clarity,Plane B,11,4.156148412958059,U104,20180412
199,49.0,3.1,0.9,1,750,Allura Clarity,Plane B,11,4.98125269679349,U104,20180412
200,50.0,3.1,0.0,0,750,Allura Clarity,Plane B,11,1.979420335206928,U104,20180412
201,50.0,3.1,0.1,0,750,Allura Clarity,Plane B,11,2.872916601156169,U104,20180412
202,50.0,3.1,0.4,0,750,Allura Clarity,Plane B,11,4.194331948664514,U104,20180412
203,50.0,3.1,0.9,0,750,Allura Clarity,Plane B,11,5.095971748665654,U104,20180412
204,50.0,3.1,0.0,1,750,Allura Clarity,Plane B,11,2.287644040316393,U104,20180412
205,50.0,3.1,0.1,1,750,Allura Clarity,Plane B,11,3.0611881427395513,U104,20180412
206,50.0,3.1,0.4,1,750,Allura Clarity,Plane B,11,4.269150728584508,U104,20180412
207,50.0,3.1,0.9,1,750,Allura Clarity,Plane B,11,5.127020471625606,U104,20180412
208,51.0,3.1,0.0,0,750,Allura Clarity,Plane B,11,2.0195645978491514,U104,20180412
209,51.0,3.1,0.1,0,750,Allura Clarity,Plane B,11,2.9382227272358046,U104,20180412
210,51.0,3.1,0.4,0,750,Allura Clarity,Plane B,11,4.30325798274096,U104,20180412
211,51.0,3.1,0.9,0,750,Allura Clarity,Plane B,11,5.238634222349977,U104,20180412
212,51.0,3.1,0.0,1,750,Allura Clarity,Plane B,11,2.3356046004258837,U104,20180412
213,51.0,3.1,0.1,1,750,Allura Clarity,Plane B,11,3.13201199714919,U104,20180412
214,51.0,3.1,0.4,1,750,Allura Clarity,Plane B,11,4.380649256744254,U104,20180412
215,51.0,3.1,0.9,1,750,Allura Clarity,Plane B,11,5.270877832636349,U104,20180412
216,52.0,3.1,0.0,0,750,Allura Clarity,Plane B,11,2.0593033620307564,U104,20180412
217,52.0,3.1,0.1,0,750,Allura Clarity,Plane B,11,3.0027102872603786,U104,20180412
218,52.0,3.1,0.4,0,750,Allura Clarity,Plane B,11,4.41057128044821,U104,20180412
219,52.0,3.1,0.9,0,750,Allura Clarity,Plane B,11,5.379182118720446,U104,20180412
220,52.0,3.1,0.0,1,750,Allura Clarity,Plane B,11,2.383026991121259,U104,20180412
221,52.0,3.1,0.1,1,750,Allura Clarity,Plane B,11,3.20191432532251,U104,20180412
222,52.0,3.1,0.4,1,750,Allura Clarity,Plane B,11,4.490486708682437,U104,20180412
223,52.0,3.1,0.9,1,750,Allura Clarity,Plane B,11,5.412607585789445,U104,20180412
224,53.0,3.1,0.0,0,750,Allura Clarity,Plane B,11,2.098674933608406,U104,20180412
225,53.0,3.1,0.1,0,750,Allura Clarity,Plane B,11,3.0664580570344406,U104,20180412
226,53.0,3.1,0.4,0,750,Allura Clarity,Plane B,11,4.51645523470724,U104,20180412
227,53.0,3.1,0.9,0,750,Allura Clarity,Plane B,11,5.517798850044827,U104,20180412
228,53.0,3.1,0.0,1,750,Allura Clarity,Plane B,11,2.4299605082821465,U104,20180412
229,53.0,3.1,0.1,1,750,Allura Clarity,Plane B,11,3.270985613195666,U104,20180412
230,53.0,3.1,0.4,1,750,Allura Clarity,Plane B,11,4.59885108001817,U104,20180412
231,53.0,3.1,0.9,1,750,Allura Clarity,Plane B,11,5.552386580023209,U104,20180412
232,54.0,3.1,0.0,0,750,Allura Clarity,Plane B,11,2.1377129178394094,U104,20180412
233,54.0,3.1,0.1,0,750,Allura Clarity,Plane B,11,3.1295159851290157,U104,20180412
234,54.0,3.1,0.4,0,750,Allura Clarity,Plane B,11,4.620987001913668,U104,20180412
235,54.0,3.1,0.9,0,750,Allura Clarity,Plane B,11,5.6545757500235965,U104,20180412
236,54.0,3.1,0.0,1,750,Allura Clarity,Plane B,11,2.4764440952663436,U104,20180412
237,54.0,3.1,0.1,1,750,Allura Clarity,Plane B,11,3.3392803629424415,U104,20180412
238,54.0,3.1,0.4,1,750,Allura Clarity,Plane B,11,4.70582187500804,U104,20180412
239,54.0,3.1,0.9,1,750,Allura Clarity,Plane B,11,5.690308627831608,U104,20180412
240,55.0,3.1,0.0,0,750,Allura Clarity,Plane B,11,2.176444160815366,U104,20180412
241,55.0,3.1,0.1,0,750,Allura Clarity,Plane B,11,3.191922322535413,U104,20180412
242,55.0,3.1,0.4,0,750,Allura Clarity,Plane B,11,4.724216665855376,U104,20180412
243,55.0,3.1,0.9,0,750,Allura Clarity,Plane B,11,5.7895834096335745,U104,20180412
244,55.0,3.1,0.0,1,750,Allura Clarity,Plane B,11,2.52250992251005,U104,20180412
245,55.0,3.1,0.1,1,750,Allura Clarity,Plane B,11,3.406839730594589,U104,20180412
246,55.0,3.1,0.4,1,750,Allura Clarity,Plane B,11,4.811451910279796,U104,20180412
247,55.0,3.1,0.9,1,750,Allura Clarity,Plane B,11,5.826449037468733,U104,20180412
248,56.0,3.1,0.0,0,750,Allura Clarity,Plane B,11,2.214891490761887,U104,20180412
249,56.0,3.1,0.1,0,750,Allura Clarity,Plane B,11,3.25370648414133,U104,20180412
250,56.0,3.1,0.4,0,750,Allura Clarity,Plane B,11,4.826153706267935,U104,20180412
251,56.0,3.1,0.9,0,750,Allura Clarity,Plane B,11,5.922760871847035,U104,20180412
252,56.0,3.1,0.0,1,750,Allura Clarity,Plane B,11,2.5681851377243414,U104,20180412
253,56.0,3.1,0.1,1,750,Allura Clarity,Plane B,11,3.4736934541391467,U104,20180412
254,56.0,3.1,0.4,1,750,Allura Clarity,Plane B,11,4.915748577743443,U104,20180412
255,56.0,3.1,0.9,1,750,Allura Clarity,Plane B,11,5.960743099105954,U104,20180412
256,57.0,3.1,0.0,0,750,Allura Clarity,Plane B,11,2.2530671084293,U104,20180412
257,57.0,3.1,0.1,0,750,Allura Clarity,Plane B,11,3.314873855440432,U104,20180412
258,57.0,3.1,0.4,0,750,Allura Clarity,Plane B,11,4.926757005452454,U104,20180412
259,57.0,3.1,0.9,0,750,Allura Clarity,Plane B,11,6.053933197038007,U104,20180412
260,57.0,3.1,0.0,1,750,Allura Clarity,Plane B,11,2.6134807493501966,U104,20180412
261,57.0,3.1,0.1,1,750,Allura Clarity,Plane B,11,3.5398440762660344,U104,20180412
262,57.0,3.1,0.4,1,750,Allura Clarity,Plane B,11,5.018664190302188,U104,20180412
263,57.0,3.1,0.9,1,750,Allura Clarity,Plane B,11,6.093005424722258,U104,20180412
264,58.0,3.1,0.0,0,750,Allura Clarity,Plane B,11,2.2909959641289515,U104,20180412
265,58.0,3.1,0.1,0,750,Allura Clarity,Plane B,11,3.375443544637655,U104,20180412
266,58.0,3.1,0.4,0,750,Allura Clarity,Plane B,11,5.0259958205573945,U104,20180412
267,58.0,3.1,0.9,0,750,Allura Clarity,Plane B,11,6.182972973425624,U104,20180412
268,58.0,3.1,0.0,1,750,Allura Clarity,Plane B,11,2.6584219443952386,U104,20180412
269,58.0,3.1,0.1,1,750,Allura Clarity,Plane B,11,3.6053073023451474,U104,20180412
270,58.0,3.1,0.4,1,750,Allura Clarity,Plane B,11,5.1201625021707455,U104,20180412
271,58.0,3.1,0.9,1,750,Allura Clarity,Plane B,11,6.223102744163229,U104,20180412
272,59.0,3.1,0.0,0,750,Allura Clarity,Plane B,11,2.328686797451045,U104,20180412
273,59.0,3.1,0.1,0,750,Allura Clarity,Plane B,11,3.435422964665424,U104,20180412
274,59.0,3.1,0.4,0,750,Allura Clarity,Plane B,11,5.123854020461937,U104,20180412
275,59.0,3.1,0.9,0,750,Allura Clarity,Plane B,11,6.3098419177024825,U104,20180412
276,59.0,3.1,0.0,1,750,Allura Clarity,Plane B,11,2.7030183548011415,U104,20180412
277,59.0,3.1,0.1,1,750,Allura Clarity,Plane B,11,3.670089535824226,U104,20180412
278,59.0,3.1,0.4,1,750,Allura Clarity,Plane B,11,5.2202258393203005,U104,20180412
279,59.0,3.1,0.9,1,750,Allura Clarity,Plane B,11,6.350997615225429,U104,20180412
280,60.0,3.1,0.0,0,750,Allura Clarity,Plane B,11,2.366142864825813,U104,20180412
281,60.0,3.1,0.1,0,750,Allura Clarity,Plane B,11,3.4948126542436087,U104,20180412
282,60.0,3.1,0.4,0,750,Allura Clarity,Plane B,11,5.220328836760457,U104,20180412
283,60.0,3.1,0.9,0,750,Allura Clarity,Plane B,11,6.434562204258223,U104,20180412
284,60.0,3.1,0.0,1,750,Allura Clarity,Plane B,11,2.747273541039839,U104,20180412
285,60.0,3.1,0.1,1,750,Allura Clarity,Plane B,11,3.7341911659282716,U104,20180412
286,60.0,3.1,0.4,1,750,Allura Clarity,Plane B,11,5.318852914902945,U104,20180412
287,60.0,3.1,0.9,1,750,Allura Clarity,Plane B,11,6.476716339981006,U104,20180412
288,61.0,3.1,0.0,0,750,Allura Clarity,Plane B,11,2.4033634537822466,U104,20180412
289,61.0,3.1,0.1,0,750,Allura Clarity,Plane B,11,3.5536157032570412,U104,20180412
290,61.0,3.1,0.4,0,750,Allura Clarity,Plane B,11,5.315435544303068,U104,20180412
291,61.0,3.1,0.9,0,750,Allura Clarity,Plane B,11,6.557178463761214,U104,20180412
292,61.0,3.1,0.0,1,750,Allura Clarity,Plane B,11,2.7911884691884246,U104,20180412
293,61.0,3.1,0.1,1,750,Allura Clarity,Plane B,11,3.797616739917614,U104,20180412
294,61.0,3.1,0.4,1,750,Allura Clarity,Plane B,11,5.416060796856538,U104,20180412
295,61.0,3.1,0.9,1,750,Allura Clarity,Plane B,11,6.60030598429611,U104,20180412
296,62.0,3.1,0.0,0,750,Allura Clarity,Plane B,11,2.440368257460162,U104,20180412
297,62.0,3.1,0.1,0,750,Allura Clarity,Plane B,11,3.611860054823597,U104,20180412
298,62.0,3.1,0.4,0,750,Allura Clarity,Plane B,11,5.409218971907466,U104,20180412
299,62.0,3.1,0.9,0,750,Allura Clarity,Plane B,11,6.6777537904939495,U104,20180412
300,62.0,3.1,0.0,1,750,Allura Clarity,Plane B,11,2.8347856934768765,U104,20180412
301,62.0,3.1,0.1,1,750,Allura Clarity,Plane B,11,3.8603962943576877,U104,20180412
302,62.0,3.1,0.4,1,750,Allura Clarity,Plane B,11,5.511895455632565,U104,20180412
303,62.0,3.1,0.9,1,750,Allura Clarity,Plane B,11,6.721829615796328,U104,20180412
304,63.0,3.1,0.0,0,750,Allura Clarity,Plane B,11,2.4771895621475526,U104,20180412
305,63.0,3.1,0.1,0,750,Allura Clarity,Plane B,11,3.6695985606015604,U104,20180412
306,63.0,3.1,0.4,0,750,Allura Clarity,Plane B,11,5.501766322187584,U104,20180412
307,63.0,3.1,0.9,0,750,Allura Clarity,Plane B,11,6.796394593596106,U104,20180412
308,63.0,3.1,0.0,1,750,Allura Clarity,Plane B,11,2.878104442185991,U104,20180412
309,63.0,3.1,0.1,1,750,Allura Clarity,Plane B,11,3.9225871490202366,U104,20180412
310,63.0,3.1,0.4,1,750,Allura Clarity,Plane B,11,5.60644596581776,U104,20180412
311,63.0,3.1,0.9,1,750,Allura Clarity,Plane B,11,6.841393496457801,U104,20180412
312,64.0,3.1,0.0,0,750,Allura Clarity,Plane B,11,2.5138516278724805,U104,20180412
313,64.0,3.1,0.1,0,750,Allura Clarity,Plane B,11,3.7268703433141277,U104,20180412
314,64.0,3.1,0.4,0,750,Allura Clarity,Plane B,11,5.593146885116969,U104,20180412
315,64.0,3.1,0.9,0,750,Allura Clarity,Plane B,11,6.913200804601246,U104,20180412
316,64.0,3.1,0.0,1,750,Allura Clarity,Plane B,11,2.921173833853673,U104,20180412
317,64.0,3.1,0.1,1,750,Allura Clarity,Plane B,11,3.98423229423003,U104,20180412
318,64.0,3.1,0.4,1,750,Allura Clarity,Plane B,11,5.699784044119013,U104,20180412
319,64.0,3.1,0.9,1,750,Allura Clarity,Plane B,11,6.959099419396637,U104,20180412
320,65.0,3.1,0.0,0,750,Allura Clarity,Plane B,11,2.5503696232329816,U104,20180412
321,65.0,3.1,0.1,0,750,Allura Clarity,Plane B,11,3.7837075405608136,U104,20180412
322,65.0,3.1,0.4,0,750,Allura Clarity,Plane B,11,5.683418127528988,U104,20180412
323,65.0,3.1,0.9,0,750,Allura Clarity,Plane B,11,7.028259500373494,U104,20180412
324,65.0,3.1,0.0,1,750,Allura Clarity,Plane B,11,2.964015311218305,U104,20180412
325,65.0,3.1,0.1,1,750,Allura Clarity,Plane B,11,4.045367608266598,U104,20180412
326,65.0,3.1,0.4,1,750,Allura Clarity,Plane B,11,5.791969480021736,U104,20180412
327,65.0,3.1,0.9,1,750,Allura Clarity,Plane B,11,7.075036836984451,U104,20180412
328,66.0,3.1,0.0,0,750,Allura Clarity,Plane B,11,2.586756208404917,U104,20180412
329,66.0,3.1,0.1,0,750,Allura Clarity,Plane B,11,3.8401323388985347,U104,20180412
330,66.0,3.1,0.4,0,750,Allura Clarity,Plane B,11,5.772607965052721,U104,20180412
331,66.0,3.1,0.9,0,750,Allura Clarity,Plane B,11,7.14159013778726,U104,20180412
332,66.0,3.1,0.0,1,750,Allura Clarity,Plane B,11,3.006644952601704,U104,20180412
333,66.0,3.1,0.1,1,750,Allura Clarity,Plane B,11,4.106017181130673,U104,20180412
334,66.0,3.1,0.4,1,750,Allura Clarity,Plane B,11,5.8830297806876315,U104,20180412
335,66.0,3.1,0.9,1,750,Allura Clarity,Plane B,11,7.189224165506643,U104,20180412
336,67.0,3.1,0.0,0,750,Allura Clarity,Plane B,11,2.623023027883837,U104,20180412
337,67.0,3.1,0.1,0,750,Allura Clarity,Plane B,11,3.8961533978645004,U104,20180412
338,67.0,3.1,0.4,0,750,Allura Clarity,Plane B,11,5.8607213072489035,U104,20180412
339,67.0,3.1,0.9,0,750,Allura Clarity,Plane B,11,7.253174914919107,U104,20180412
340,67.0,3.1,0.0,1,750,Allura Clarity,Plane B,11,3.0490738254792413,U104,20180412
341,67.0,3.1,0.1,1,750,Allura Clarity,Plane B,11,4.166188695666535,U104,20180412
342,67.0,3.1,0.4,1,750,Allura Clarity,Plane B,11,5.972968775126197,U104,20180412
343,67.0,3.1,0.9,1,750,Allura Clarity,Plane B,11,7.30164050581203,U104,20180412
344,68.0,3.1,0.0,0,750,Allura Clarity,Plane B,11,2.659178684867799,U104,20180412
345,68.0,3.1,0.1,0,750,Allura Clarity,Plane B,11,3.9517865164962913,U104,20180412
346,68.0,3.1,0.4,0,750,Allura Clarity,Plane B,11,5.947763683872167,U104,20180412
347,68.0,3.1,0.9,0,750,Allura Clarity,Plane B,11,7.362995376059703,U104,20180412
348,68.0,3.1,0.0,1,750,Allura Clarity,Plane B,11,3.0913132770513667,U104,20180412
349,68.0,3.1,0.1,1,750,Allura Clarity,Plane B,11,4.2258988156305755,U104,20180412
350,68.0,3.1,0.4,1,750,Allura Clarity,Plane B,11,6.061789922711656,U104,20180412
351,68.0,3.1,0.9,1,750,Allura Clarity,Plane B,11,7.412265914003477,U104,20180412
352,69.0,3.1,0.0,0,750,Allura Clarity,Plane B,11,2.695241319093692,U104,20180412
353,69.0,3.1,0.1,0,750,Allura Clarity,Plane B,11,4.00704928980744,U104,20180412
354,69.0,3.1,0.4,0,750,Allura Clarity,Plane B,11,6.033752804753175,U104,20180412
355,69.0,3.1,0.9,0,750,Allura Clarity,Plane B,11,7.471080129564325,U104,20180412
356,69.0,3.1,0.0,1,750,Allura Clarity,Plane B,11,3.1333825625376335,U104,20180412
357,69.0,3.1,0.1,1,750,Allura Clarity,Plane B,11,4.285164192955763,U104,20180412
358,69.0,3.1,0.4,1,750,Allura Clarity,Plane B,11,6.149511746359813,U104,20180412
359,69.0,3.1,0.9,1,750,Allura Clarity,Plane B,11,7.5211294085605065,U104,20180412
360,70.0,3.1,0.0,0,750,Allura Clarity,Plane B,11,2.731335983958675,U104,20180412
361,70.0,3.1,0.1,0,750,Allura Clarity,Plane B,11,4.062193073671031,U104,20180412
362,70.0,3.1,0.4,0,750,Allura Clarity,Plane B,11,6.119144151238073,U104,20180412
363,70.0,3.1,0.9,0,750,Allura Clarity,Plane B,11,7.577948821093696,U104,20180412
364,70.0,3.1,0.0,1,750,Allura Clarity,Plane B,11,3.1754446225891497,U104,20180412
365,70.0,3.1,0.1,1,750,Allura Clarity,Plane B,11,4.34426531588342,U104,20180412
366,70.0,3.1,0.4,1,750,Allura Clarity,Plane B,11,6.236598736948141,U104,20180412
367,70.0,3.1,0.9,1,750,Allura Clarity,Plane B,11,7.628750450709329,U104,20180412
368,71.0,3.1,0.0,0,750,Allura Clarity,Plane B,11,2.7696695871393233,U104,20180412
369,71.0,3.1,0.1,0,750,Allura Clarity,Plane B,11,4.121427855352104,U104,20180412
370,71.0,3.1,0.4,0,750,Allura Clarity,Plane B,11,6.211155699834333,U104,20180412
371,71.0,3.1,0.9,0,750,Allura Clarity,Plane B,11,7.691312279007017,U104,20180412
372,71.0,3.1,0.0,1,750,Allura Clarity,Plane B,11,3.2203214698676876,U104,20180412
373,71.0,3.1,0.1,1,750,Allura Clarity,Plane B,11,4.407850229374535,U104,20180412
374,71.0,3.1,0.4,1,750,Allura Clarity,Plane B,11,6.330390379813341,U104,20180412
375,71.0,3.1,0.9,1,750,Allura Clarity,Plane B,11,7.742798940361269,U104,20180412
376,72.0,3.1,0.0,0,750,Allura Clarity,Plane B,11,2.807754770406096,U104,20180412
377,72.0,3.1,0.1,0,750,Allura Clarity,Plane B,11,4.179840794071403,U104,20180412
378,72.0,3.1,0.4,0,750,Allura Clarity,Plane B,11,6.300686327996718,U104,20180412
379,72.0,3.1,0.9,0,750,Allura Clarity,Plane B,11,7.800311791740754,U104,20180412
380,72.0,3.1,0.0,1,750,Allura Clarity,Plane B,11,3.2647981392476373,U104,20180412
381,72.0,3.1,0.1,1,750,Allura Clarity,Plane B,11,4.470450043375653,U104,20180412
382,72.0,3.1,0.4,1,750,Allura Clarity,Plane B,11,6.421574912711691,U104,20180412
383,72.0,3.1,0.9,1,750,Allura Clarity,Plane B,11,7.852409378589326,U104,20180412
384,73.0,3.1,0.0,0,750,Allura Clarity,Plane B,11,2.8455903101917466,U104,20180412
385,73.0,3.1,0.1,0,750,Allura Clarity,Plane B,11,4.237452580401761,U104,20180412
386,73.0,3.1,0.4,0,750,Allura Clarity,Plane B,11,6.387894631147211,U104,20180412
387,73.0,3.1,0.9,0,750,Allura Clarity,Plane B,11,7.9054137158570335,U104,20180412
388,73.0,3.1,0.0,1,750,Allura Clarity,Plane B,11,3.3088778989036287,U104,20180412
389,73.0,3.1,0.1,1,750,Allura Clarity,Plane B,11,4.532094180323206,U104,20180412
390,73.0,3.1,0.4,1,750,Allura Clarity,Plane B,11,6.5103258855817785,U104,20180412
391,73.0,3.1,0.9,1,750,Allura Clarity,Plane B,11,7.958064199901306,U104,20180412
392,74.0,3.1,0.0,0,750,Allura Clarity,Plane B,11,2.8831905344758275,U104,20180412
393,74.0,3.1,0.1,0,750,Allura Clarity,Plane B,11,4.294301870983846,U104,20180412
394,74.0,3.1,0.4,0,750,Allura Clarity,Plane B,11,6.472943499076357,U104,20180412
395,74.0,3.1,0.9,0,750,Allura Clarity,Plane B,11,8.00703941298682,U104,20180412
396,74.0,3.1,0.0,1,750,Allura Clarity,Plane B,11,3.3525813394650528,U104,20180412
397,74.0,3.1,0.1,1,750,Allura Clarity,Plane B,11,4.592829697749034,U104,20180412
398,74.0,3.1,0.4,1,750,Allura Clarity,Plane B,11,6.596819514533783,U104,20180412
399,74.0,3.1,0.9,1,750,Allura Clarity,Plane B,11,8.060198106548524,U104,20180412
400,75.0,3.1,0.0,0,750,Allura Clarity,Plane B,11,2.9205672064398076,U104,20180412
401,75.0,3.1,0.1,0,750,Allura Clarity,Plane B,11,4.3504269864144005,U104,20180412
402,75.0,3.1,0.4,0,750,Allura Clarity,Plane B,11,6.556004237637892,U104,20180412
403,75.0,3.1,0.9,0,750,Allura Clarity,Plane B,11,8.105587341108151,U104,20180412
404,75.0,3.1,0.0,1,750,Allura Clarity,Plane B,11,3.3959253383547616,U104,20180412
405,75.0,3.1,0.1,1,750,Allura Clarity,Plane B,11,4.652705357652133,U104,20180412
406,75.0,3.1,0.4,1,750,Allura Clarity,Plane B,11,6.681239961363818,U104,20180412
407,75.0,3.1,0.9,1,750,Allura Clarity,Plane B,11,8.159220666689745,U104,20180412
408,76.0,3.1,0.0,0,750,Allura Clarity,Plane B,11,2.9608359418081016,U104,20180412
409,76.0,3.1,0.1,0,750,Allura Clarity,Plane B,11,4.410902675614844,U104,20180412
410,76.0,3.1,0.4,0,750,Allura Clarity,Plane B,11,6.644091398477199,U104,20180412
411,76.0,3.1,0.9,0,750,Allura Clarity,Plane B,11,8.20683316362816,U104,20180412
412,76.0,3.1,0.0,1,750,Allura Clarity,Plane B,11,3.442660112440066,U104,20180412
413,76.0,3.1,0.1,1,750,Allura Clarity,Plane B,11,4.717169572603728,U104,20180412
414,76.0,3.1,0.4,1,750,Allura Clarity,Plane B,11,6.770613862150373,U104,20180412
415,76.0,3.1,0.9,1,750,Allura Clarity,Plane B,11,8.260797534149802,U104,20180412
416,77.0,3.1,0.0,0,750,Allura Clarity,Plane B,11,3.0008419563821755,U104,20180412
417,77.0,3.1,0.1,0,750,Allura Clarity,Plane B,11,4.470429543431905,U104,20180412
418,77.0,3.1,0.4,0,750,Allura Clarity,Plane B,11,6.72955118757968,U104,20180412
419,77.0,3.1,0.9,0,750,Allura Clarity,Plane B,11,8.30425333274286,U104,20180412
420,77.0,3.1,0.0,1,750,Allura Clarity,Plane B,11,3.4889475615441836,U104,20180412
421,77.0,3.1,0.1,1,750,Allura Clarity,Plane B,11,4.7804989636541135,U104,20180412
422,77.0,3.1,0.4,1,750,Allura Clarity,Plane B,11,6.857254481948195,U104,20180412
423,77.0,3.1,0.9,1,750,Allura Clarity,Plane B,11,8.3585224799538,U104,20180412
424,78.0,3.1,0.0,0,750,Allura Clarity,Plane B,11,3.0405942154569807,U104,20180412
425,78.0,3.1,0.1,0,750,Allura Clarity,Plane B,11,4.529063594638443,U104,20180412
426,78.0,3.1,0.4,0,750,Allura Clarity,Plane B,11,6.812621889171929,U104,20180412
427,78.0,3.1,0.9,0,750,Allura Clarity,Plane B,11,8.398352102587733,U104,20180412
428,78.0,3.1,0.0,1,750,Allura Clarity,Plane B,11,3.53480848617377,U104,20180412
429,78.0,3.1,0.1,1,750,Allura Clarity,Plane B,11,4.842764705223191,U104,20180412
430,78.0,3.1,0.4,1,750,Allura Clarity,Plane B,11,6.941417089138691,U104,20180412
431,78.0,3.1,0.9,1,750,Allura Clarity,Plane B,11,8.45291093453253,U104,20180412
432,79.0,3.1,0.0,0,750,Allura Clarity,Plane B,11,3.0801080696996754,U104,20180412
433,79.0,3.1,0.1,0,750,Allura Clarity,Plane B,11,4.586857790764364,U104,20180412
434,79.0,3.1,0.4,0,750,Allura Clarity,Plane B,11,6.893519364211702,U104,20180412
435,79.0,3.1,0.9,0,750,Allura Clarity,Plane B,11,8.48955292495896,U104,20180412
436,79.0,3.1,0.0,1,750,Allura Clarity,Plane B,11,3.5802671659698957,U104,20180412
437,79.0,3.1,0.1,1,750,Allura Clarity,Plane B,11,4.9040330840862145,U104,20180412
438,79.0,3.1,0.4,1,750,Allura Clarity,Plane B,11,7.0233320509497155,U104,20180412
439,79.0,3.1,0.9,1,750,Allura Clarity,Plane B,11,8.54439433318312,U104,20180412
440,80.0,3.1,0.0,0,750,Allura Clarity,Plane B,11,3.1194113470002036,U104,20180412
441,80.0,3.1,0.1,0,750,Allura Clarity,Plane B,11,4.643868172409673,U104,20180412
442,80.0,3.1,0.4,0,750,Allura Clarity,Plane B,11,6.9724315909873065,U104,20180412
443,80.0,3.1,0.9,0,750,Allura Clarity,Plane B,11,8.578205494741182,U104,20180412
444,80.0,3.1,0.0,1,750,Allura Clarity,Plane B,11,3.6253576950904156,U104,20180412
445,80.0,3.1,0.1,1,750,Allura Clarity,Plane B,11,4.9643706793958415,U104,20180412
446,80.0,3.1,0.4,1,750,Allura Clarity,Plane B,11,7.103199033902078,U104,20180412
447,80.0,3.1,0.9,1,750,Allura Clarity,Plane B,11,8.633328092919408,U104,20180412
448,81.0,3.1,0.0,0,750,Allura Clarity,Plane B,11,3.1611594067382245,U104,20180412
449,81.0,3.1,0.1,0,750,Allura Clarity,Plane B,11,4.704460663731677,U104,20180412
450,81.0,3.1,0.4,0,750,Allura Clarity,Plane B,11,7.054562164998241,U104,20180412
451,81.0,3.1,0.9,0,750,Allura Clarity,Plane B,11,8.667220503240747,U104,20180412
452,81.0,3.1,0.0,1,750,Allura Clarity,Plane B,11,3.67332355566787,U104,20180412
453,81.0,3.1,0.1,1,750,Allura Clarity,Plane B,11,5.028425298424079,U104,20180412
454,81.0,3.1,0.4,1,750,Allura Clarity,Plane B,11,7.186147074017714,U104,20180412
455,81.0,3.1,0.9,1,750,Allura Clarity,Plane B,11,8.722485720405997,U104,20180412
456,82.0,3.1,0.0,0,750,Allura Clarity,Plane B,11,3.202619625899209,U104,20180412
457,82.0,3.1,0.1,0,750,Allura Clarity,Plane B,11,4.764046239766088,U104,20180412
458,82.0,3.1,0.4,0,750,Allura Clarity,Plane B,11,7.134247612262017,U104,20180412
459,82.0,3.1,0.9,0,750,Allura Clarity,Plane B,11,8.753294464977683,U104,20180412
460,82.0,3.1,0.0,1,750,Allura Clarity,Plane B,11,3.7208040517757413,U104,20180412
461,82.0,3.1,0.1,1,750,Allura Clarity,Plane B,11,5.091289965500699,U104,20180412
462,82.0,3.1,0.4,1,750,Allura Clarity,Plane B,11,7.266580953636127,U104,20180412
463,82.0,3.1,0.9,1,750,Allura Clarity,Plane B,11,8.80870991736618,U104,20180412
464,83.0,3.1,0.0,0,750,Allura Clarity,Plane B,11,3.243805005418962,U104,20180412
465,83.0,3.1,0.1,0,750,Allura Clarity,Plane B,11,4.8226889255873235,U104,20180412
466,83.0,3.1,0.4,0,750,Allura Clarity,Plane B,11,7.211715808458585,U104,20180412
467,83.0,3.1,0.9,0,750,Allura Clarity,Plane B,11,8.836779100995416,U104,20180412
468,83.0,3.1,0.0,1,750,Allura Clarity,Plane B,11,3.7678241566261605,U104,20180412
469,83.0,3.1,0.1,1,750,Allura Clarity,Plane B,11,5.153044952054715,U104,20180412
470,83.0,3.1,0.4,1,750,Allura Clarity,Plane B,11,7.344739874241318,U104,20180412
471,83.0,3.1,0.9,1,750,Allura Clarity,Plane B,11,8.892354361938482,U104,20180412
472,84.0,3.1,0.0,0,750,Allura Clarity,Plane B,11,3.2847297233352717,U104,20180412
473,84.0,3.1,0.1,0,750,Allura Clarity,Plane B,11,4.880448222450963,U104,20180412
474,84.0,3.1,0.4,0,750,Allura Clarity,Plane B,11,7.287168759800748,U104,20180412
475,84.0,3.1,0.9,0,750,Allura Clarity,Plane B,11,8.917976664505725,U104,20180412
476,84.0,3.1,0.0,1,750,Allura Clarity,Plane B,11,3.8144093343708194,U104,20180412
477,84.0,3.1,0.1,1,750,Allura Clarity,Plane B,11,5.213763904141705,U104,20180412
478,84.0,3.1,0.4,1,750,Allura Clarity,Plane B,11,7.420835561970851,U104,20180412
479,84.0,3.1,0.9,1,750,Allura Clarity,Plane B,11,8.973722485117301,U104,20180412
480,85.0,3.1,0.0,0,750,Allura Clarity,Plane B,11,3.3254101097302855,U104,20180412
481,85.0,3.1,0.1,0,750,Allura Clarity,Plane B,11,4.937376478537935,U104,20180412
482,85.0,3.1,0.4,0,750,Allura Clarity,Plane B,11,7.360777976258993,U104,20180412
483,85.0,3.1,0.9,0,750,Allura Clarity,Plane B,11,8.997135035057926,U104,20180412
484,85.0,3.1,0.0,1,750,Allura Clarity,Plane B,11,3.860584433921641,U104,20180412
485,85.0,3.1,0.1,1,750,Allura Clarity,Plane B,11,5.273510898065191,U104,20180412
486,85.0,3.1,0.4,1,750,Allura Clarity,Plane B,11,7.495047462248054,U104,20180412
487,85.0,3.1,0.9,1,750,Allura Clarity,Plane B,11,9.053062795495865,U104,20180412
488,86.0,3.1,0.0,0,750,Allura Clarity,Plane B,11,3.365859215278053,U104,20180412
489,86.0,3.1,0.1,0,750,Allura Clarity,Plane B,11,4.993527409442577,U104,20180412
490,86.0,3.1,0.4,0,750,Allura Clarity,Plane B,11,7.43270502296399,U104,20180412
491,86.0,3.1,0.9,0,750,Allura Clarity,Plane B,11,9.07447595194056,U104,20180412
492,86.0,3.1,0.0,1,750,Allura Clarity,Plane B,11,3.9063728245846714,U104,20180412
493,86.0,3.1,0.1,1,750,Allura Clarity,Plane B,11,5.3323515991753005,U104,20180412
494,86.0,3.1,0.4,1,750,Allura Clarity,Plane B,11,7.567543798034658,U104,20180412
495,86.0,3.1,0.9,1,750,Allura Clarity,Plane B,11,9.130597369295598,U104,20180412
496,87.0,3.1,0.0,0,750,Allura Clarity,Plane B,11,3.4060968825024784,U104,20180412
497,87.0,3.1,0.1,0,750,Allura Clarity,Plane B,11,5.048945405628652,U104,20180412
498,87.0,3.1,0.4,0,750,Allura Clarity,Plane B,11,7.503076618026392,U104,20180412
499,87.0,3.1,0.9,0,750,Allura Clarity,Plane B,11,9.150169146015259,U104,20180412
500,87.0,3.1,0.0,1,750,Allura Clarity,Plane B,11,3.951800349911193,U104,20180412
501,87.0,3.1,0.1,1,750,Allura Clarity,Plane B,11,5.390338477818013,U104,20180412
502,87.0,3.1,0.4,1,750,Allura Clarity,Plane B,11,7.638456566254498,U104,20180412
503,87.0,3.1,0.9,1,750,Allura Clarity,Plane B,11,9.206495860001695,U104,20180412
504,88.0,3.1,0.0,0,750,Allura Clarity,Plane B,11,3.4461305388875187,U104,20180412
505,88.0,3.1,0.1,0,750,Allura Clarity,Plane B,11,5.1036747928195725,U104,20180412
506,88.0,3.1,0.4,0,750,Allura Clarity,Plane B,11,7.5720248838401245,U104,20180412
507,88.0,3.1,0.9,0,750,Allura Clarity,Plane B,11,9.224383157704452,U104,20180412
508,88.0,3.1,0.0,1,750,Allura Clarity,Plane B,11,3.9968835795237316,U104,20180412
509,88.0,3.1,0.1,1,750,Allura Clarity,Plane B,11,5.447526539518019,U104,20180412
510,88.0,3.1,0.4,1,750,Allura Clarity,Plane B,11,7.7079226853502725,U104,20180412
511,88.0,3.1,0.9,1,750,Allura Clarity,Plane B,11,9.280926673017774,U104,20180412
512,89.0,3.1,0.0,0,750,Allura Clarity,Plane B,11,3.485978725190315,U104,20180412
513,89.0,3.1,0.1,0,750,Allura Clarity,Plane B,11,5.157754178909064,U104,20180412
514,89.0,3.1,0.4,0,750,Allura Clarity,Plane B,11,7.639654959055858,U104,20180412
515,89.0,3.1,0.9,0,750,Allura Clarity,Plane B,11,9.29725088516622,U104,20180412
516,89.0,3.1,0.0,1,750,Allura Clarity,Plane B,11,4.041645777088055,U104,20180412
517,89.0,3.1,0.1,1,750,Allura Clarity,Plane B,11,5.50396109174603,U104,20180412
518,89.0,3.1,0.4,1,750,Allura Clarity,Plane B,11,7.776051319236833,U104,20180412
519,89.0,3.1,0.9,1,750,Allura Clarity,Plane B,11,9.354022392191643,U104,20180412
520,90.0,3.1,0.0,0,750,Allura Clarity,Plane B,11,3.5256495354610036,U104,20180412
521,90.0,3.1,0.1,0,750,Allura Clarity,Plane B,11,5.211221001739119,U104,20180412
522,90.0,3.1,0.4,0,750,Allura Clarity,Plane B,11,7.706062898032671,U104,20180412
523,90.0,3.1,0.9,0,750,Allura Clarity,Plane B,11,9.368885916045281,U104,20180412
524,90.0,3.1,0.0,1,750,Allura Clarity,Plane B,11,4.0861030900186455,U104,20180412
525,90.0,3.1,0.1,1,750,Allura Clarity,Plane B,11,5.559687469414941,U104,20180412
526,90.0,3.1,0.4,1,750,Allura Clarity,Plane B,11,7.842941433886145,U104,20180412
527,90.0,3.1,0.9,1,750,Allura Clarity,Plane B,11,9.425896200233497,U104,20180412
528,91.0,3.1,0.0,0,750,Allura Clarity,Plane B,11,3.5675502549681117,U104,20180412
529,91.0,3.1,0.1,0,750,Allura Clarity,Plane B,11,5.267461978485451,U104,20180412
530,91.0,3.1,0.4,0,750,Allura Clarity,Plane B,11,7.773971949457438,U104,20180412
531,91.0,3.1,0.9,0,750,Allura Clarity,Plane B,11,9.439445742043231,U104,20180412
532,91.0,3.1,0.0,1,750,Allura Clarity,Plane B,11,4.133056680836533,U104,20180412
533,91.0,3.1,0.1,1,750,Allura Clarity,Plane B,11,5.618179233734981,U104,20180412
534,91.0,3.1,0.4,1,750,Allura Clarity,Plane B,11,7.911173182132733,U104,20180412
535,91.0,3.1,0.9,1,750,Allura Clarity,Plane B,11,9.496591382662256,U104,20180412
536,92.0,3.1,0.0,0,750,Allura Clarity,Plane B,11,3.6092060141923743,U104,20180412
537,92.0,3.1,0.1,0,750,Allura Clarity,Plane B,11,5.322931106459995,U104,20180412
538,92.0,3.1,0.4,0,750,Allura Clarity,Plane B,11,7.840438404559443,U104,20180412
539,92.0,3.1,0.9,0,750,Allura Clarity,Plane B,11,9.508664727835802,U104,20180412
540,92.0,3.1,0.0,1,750,Allura Clarity,Plane B,11,4.179608981410619,U104,20180412
541,92.0,3.1,0.1,1,750,Allura Clarity,Plane B,11,5.675786041213006,U104,20180412
542,92.0,3.1,0.4,1,750,Allura Clarity,Plane B,11,7.977949127714281,U104,20180412
543,92.0,3.1,0.9,1,750,Allura Clarity,Plane B,11,9.565963030049389,U104,20180412
544,93.0,3.1,0.0,0,750,Allura Clarity,Plane B,11,3.6506258468988353,U104,20180412
545,93.0,3.1,0.1,0,750,Allura Clarity,Plane B,11,5.377667387924008,U104,20180412
546,93.0,3.1,0.4,0,750,Allura Clarity,Plane B,11,7.905570117434166,U104,20180412
547,93.0,3.1,0.9,0,750,Allura Clarity,Plane B,11,9.576657172433078,U104,20180412
548,93.0,3.1,0.0,1,750,Allura Clarity,Plane B,11,4.225775685020738,U104,20180412
549,93.0,3.1,0.1,1,750,Allura Clarity,Plane B,11,5.73255592281457,U104,20180412
550,93.0,3.1,0.4,1,750,Allura Clarity,Plane B,11,8.043379974182095,U104,20180412
551,93.0,3.1,0.9,1,750,Allura Clarity,Plane B,11,9.634123778955367,U104,20180412
552,94.0,3.1,0.0,0,750,Allura Clarity,Plane B,11,3.6918233159765648,U104,20180412
553,94.0,3.1,0.1,0,750,Allura Clarity,Plane B,11,5.43171291179942,U104,20180412
554,94.0,3.1,0.4,0,750,Allura Clarity,Plane B,11,7.969470065111317,U104,20180412
555,94.0,3.1,0.9,0,750,Allura Clarity,Plane B,11,9.643525646336373,U104,20180412
556,94.0,3.1,0.0,1,750,Allura Clarity,Plane B,11,4.271577351223516,U104,20180412
557,94.0,3.1,0.1,1,750,Allura Clarity,Plane B,11,5.788539491578495,U104,20180412
558,94.0,3.1,0.4,1,750,Allura Clarity,Plane B,11,8.10757070868865,U104,20180412
559,94.0,3.1,0.9,1,750,Allura Clarity,Plane B,11,9.70117468610056,U104,20180412
560,95.0,3.1,0.0,0,750,Allura Clarity,Plane B,11,3.7328202609574315,U104,20180412
561,95.0,3.1,0.1,0,750,Allura Clarity,Plane B,11,5.485107271775142,U104,20180412
562,95.0,3.1,0.4,0,750,Allura Clarity,Plane B,11,8.032226964919598,U104,20180412
563,95.0,3.1,0.9,0,750,Allura Clarity,Plane B,11,9.709357997681845,U104,20180412
564,95.0,3.1,0.0,1,750,Allura Clarity,Plane B,11,4.31704144733613,U104,20180412
565,95.0,3.1,0.1,1,750,Allura Clarity,Plane B,11,5.843781062671665,U104,20180412
566,95.0,3.1,0.4,1,750,Allura Clarity,Plane B,11,8.170612364018815,U104,20180412
567,95.0,3.1,0.9,1,750,Allura Clarity,Plane B,11,9.767202097597163,U104,20180412
568,96.0,3.1,0.0,0,750,Allura Clarity,Plane B,11,3.7736188337919856,U104,20180412
569,96.0,3.1,0.1,0,750,Allura Clarity,Plane B,11,5.537889789350775,U104,20180412
570,96.0,3.1,0.4,0,750,Allura Clarity,Plane B,11,8.09391844747296,U104,20180412
571,96.0,3.1,0.9,0,750,Allura Clarity,Plane B,11,9.77423739688886,U104,20180412
572,96.0,3.1,0.0,1,750,Allura Clarity,Plane B,11,4.3621811736783265,U104,20180412
573,96.0,3.1,0.1,1,750,Allura Clarity,Plane B,11,5.898327343176384,U104,20180412
574,96.0,3.1,0.4,1,750,Allura Clarity,Plane B,11,8.232584061266161,U104,20180412
575,96.0,3.1,0.9,1,750,Allura Clarity,Plane B,11,9.832288194011145,U104,20180412
576,97.0,3.1,0.0,0,750,Allura Clarity,Plane B,11,3.8142230627548184,U104,20180412
577,97.0,3.1,0.1,0,750,Allura Clarity,Plane B,11,5.5900882987446865,U104,20180412
578,97.0,3.1,0.4,0,750,Allura Clarity,Plane B,11,8.154624541503106,U104,20180412
579,97.0,3.1,0.9,0,750,Allura Clarity,Plane B,11,9.838217950754437,U104,20180412
580,97.0,3.1,0.0,1,750,Allura Clarity,Plane B,11,4.407004059748825,U104,20180412
581,97.0,3.1,0.1,1,750,Allura Clarity,Plane B,11,5.9522151959820135,U104,20180412
582,97.0,3.1,0.4,1,750,Allura Clarity,Plane B,11,8.293565766258387,U104,20180412
583,97.0,3.1,0.9,1,750,Allura Clarity,Plane B,11,9.89648563692094,U104,20180412
584,98.0,3.1,0.0,0,750,Allura Clarity,Plane B,11,3.8546414343676227,U104,20180412
585,98.0,3.1,0.1,0,750,Allura Clarity,Plane B,11,5.641705040555303,U104,20180412
586,98.0,3.1,0.4,0,750,Allura Clarity,Plane B,11,8.214400649037625,U104,20180412
587,98.0,3.1,0.9,0,750,Allura Clarity,Plane B,11,9.901391517530891,U104,20180412
588,98.0,3.1,0.0,1,750,Allura Clarity,Plane B,11,4.451515114681761,U104,20180412
589,98.0,3.1,0.1,1,750,Allura Clarity,Plane B,11,6.00544838170513,U104,20180412
590,98.0,3.1,0.4,1,750,Allura Clarity,Plane B,11,8.35361783266586,U104,20180412
591,98.0,3.1,0.9,1,750,Allura Clarity,Plane B,11,9.959885612250078,U104,20180412
592,99.0,3.1,0.0,0,750,Allura Clarity,Plane B,11,3.8949332623163473,U104,20180412
593,99.0,3.1,0.1,0,750,Allura Clarity,Plane B,11,5.692845893357078,U104,20180412
594,99.0,3.1,0.4,0,750,Allura Clarity,Plane B,11,8.273299524590247,U104,20180412
595,99.0,3.1,0.9,0,750,Allura Clarity,Plane B,11,9.963738131665435,U104,20180412
596,99.0,3.1,0.0,1,750,Allura Clarity,Plane B,11,4.495796052559865,U104,20180412
597,99.0,3.1,0.1,1,750,Allura Clarity,Plane B,11,6.058134075671573,U104,20180412
598,99.0,3.1,0.4,1,750,Allura Clarity,Plane B,11,8.412786905311416,U104,20180412
599,99.0,3.1,0.9,1,750,Allura Clarity,Plane B,11,10.022466318526423,U104,20180412
600,100.0,3.1,0.0,0,750,Allura Clarity,Plane B,11,3.934973314301707,U104,20180412
601,100.0,3.1,0.1,0,750,Allura Clarity,Plane B,11,5.743398521569065,U104,20180412
602,100.0,3.1,0.4,0,750,Allura Clarity,Plane B,11,8.33136497015458,U104,20180412
603,100.0,3.1,0.9,0,750,Allura Clarity,Plane B,11,10.025378656046822,U104,20180412
604,100.0,3.1,0.0,1,750,Allura Clarity,Plane B,11,4.539712868254145,U104,20180412
605,100.0,3.1,0.1,1,750,Allura Clarity,Plane B,11,6.110175665076125,U104,20180412
606,100.0,3.1,0.4,1,750,Allura Clarity,Plane B,11,8.471125692552059,U104,20180412
607,100.0,3.1,0.9,1,750,Allura Clarity,Plane B,11,10.08434963666278,U104,20180412
608,101.0,3.1,0.0,0,750,Allura Clarity,Plane B,11,3.9782512158457206,U104,20180412
609,101.0,3.1,0.1,0,750,Allura Clarity,Plane B,11,5.797360689843181,U104,20180412
610,101.0,3.1,0.4,0,750,Allura Clarity,Plane B,11,8.390613180962603,U104,20180412
611,101.0,3.1,0.9,0,750,Allura Clarity,Plane B,11,10.08528160455786,U104,20180412
612,101.0,3.1,0.0,1,750,Allura Clarity,Plane B,11,4.587053993094509,U104,20180412
613,101.0,3.1,0.1,1,750,Allura Clarity,Plane B,11,6.165497436447601,U104,20180412
614,101.0,3.1,0.4,1,750,Allura Clarity,Plane B,11,8.530439662539633,U104,20180412
615,101.0,3.1,0.9,1,750,Allura Clarity,Plane B,11,10.144392370858275,U104,20180412
616,102.0,3.1,0.0,0,750,Allura Clarity,Plane B,11,4.021291506782792,U104,20180412
617,102.0,3.1,0.1,0,750,Allura Clarity,Plane B,11,5.8506503596018264,U104,20180412
618,102.0,3.1,0.4,0,750,Allura Clarity,Plane B,11,8.448849513121088,U104,20180412
619,102.0,3.1,0.9,0,750,Allura Clarity,Plane B,11,10.14438328482771,U104,20180412
620,102.0,3.1,0.0,1,750,Allura Clarity,Plane B,11,4.63401628922153,U104,20180412
621,102.0,3.1,0.1,1,750,Allura Clarity,Plane B,11,6.22006988059424,U104,20180412
622,102.0,3.1,0.4,1,750,Allura Clarity,Plane B,11,8.58874594840939,U104,20180412
623,102.0,3.1,0.9,1,750,Allura Clarity,Plane B,11,10.203647879232275,U104,20180412
624,103.0,3.1,0.0,0,750,Allura Clarity,Plane B,11,4.0640987845239565,U104,20180412
625,103.0,3.1,0.1,0,750,Allura Clarity,Plane B,11,5.903245606657824,U104,20180412
626,103.0,3.1,0.4,0,750,Allura Clarity,Plane B,11,8.50606240874716,U104,20180412
627,103.0,3.1,0.9,0,750,Allura Clarity,Plane B,11,10.202696746247916,U104,20180412
628,103.0,3.1,0.0,1,750,Allura Clarity,Plane B,11,4.680594846502187,U104,20180412
629,103.0,3.1,0.1,1,750,Allura Clarity,Plane B,11,6.273867725619144,U104,20180412
630,103.0,3.1,0.4,1,750,Allura Clarity,Plane B,11,8.646035326677287,U104,20180412
631,103.0,3.1,0.9,1,750,Allura Clarity,Plane B,11,10.262129460230264,U104,20180412
632,104.0,3.1,0.0,0,750,Allura Clarity,Plane B,11,4.106694979247851,U104,20180412
633,104.0,3.1,0.1,0,750,Allura Clarity,Plane B,11,5.955231065307584,U104,20180412
634,104.0,3.1,0.4,0,750,Allura Clarity,Plane B,11,8.562387825913744,U104,20180412
635,104.0,3.1,0.9,0,750,Allura Clarity,Plane B,11,10.260284000883502,U104,20180412
636,104.0,3.1,0.0,1,750,Allura Clarity,Plane B,11,4.726828604023113,U104,20180412
637,104.0,3.1,0.1,1,750,Allura Clarity,Plane B,11,6.326989588093487,U104,20180412
638,104.0,3.1,0.4,1,750,Allura Clarity,Plane B,11,8.70244148777611,U104,20180412
639,104.0,3.1,0.9,1,750,Allura Clarity,Plane B,11,10.319894864890117,U104,20180412
640,105.0,3.1,0.0,0,750,Allura Clarity,Plane B,11,4.149078526952987,U104,20180412
641,105.0,3.1,0.1,0,750,Allura Clarity,Plane B,11,6.006630190696034,U104,20180412
642,105.0,3.1,0.4,0,750,Allura Clarity,Plane B,11,8.61788167346196,U104,20180412
643,105.0,3.1,0.9,0,750,Allura Clarity,Plane B,11,10.317231267789385,U104,20180412
644,105.0,3.1,0.0,1,750,Allura Clarity,Plane B,11,4.772725247016336,U104,20180412
645,105.0,3.1,0.1,1,750,Allura Clarity,Plane B,11,6.379463426800491,U104,20180412
646,105.0,3.1,0.4,1,750,Allura Clarity,Plane B,11,8.758022431522999,U104,20180412
647,105.0,3.1,0.9,1,750,Allura Clarity,Plane B,11,10.377031339436407,U104,20180412
648,106.0,3.1,0.0,0,750,Allura Clarity,Plane B,11,4.191305405791148,U104,20180412
649,106.0,3.1,0.1,0,750,Allura Clarity,Plane B,11,6.057500952270404,U104,20180412
650,106.0,3.1,0.4,0,750,Allura Clarity,Plane B,11,8.67258164648459,U104,20180412
651,106.0,3.1,0.9,0,750,Allura Clarity,Plane B,11,10.37353967815339,U104,20180412
652,106.0,3.1,0.0,1,750,Allura Clarity,Plane B,11,4.818343642346768,U104,20180412
653,106.0,3.1,0.1,1,750,Allura Clarity,Plane B,11,6.43134511480888,U104,20180412
654,106.0,3.1,0.4,1,750,Allura Clarity,Plane B,11,8.812814119517782,U104,20180412
655,106.0,3.1,0.9,1,750,Allura Clarity,Plane B,11,10.433537989391201,U104,20180412
656,107.0,3.1,0.0,0,750,Allura Clarity,Plane B,11,4.2333503933108885,U104,20180412
657,107.0,3.1,0.1,0,750,Allura Clarity,Plane B,11,6.107832712974849,U104,20180412
658,107.0,3.1,0.4,0,750,Allura Clarity,Plane B,11,8.726550351420444,U104,20180412
659,107.0,3.1,0.9,0,750,Allura Clarity,Plane B,11,10.429278639972866,U104,20180412
660,107.0,3.1,0.0,1,750,Allura Clarity,Plane B,11,4.863657716763798,U104,20180412
661,107.0,3.1,0.1,1,750,Allura Clarity,Plane B,11,6.482632934642043,U104,20180412
662,107.0,3.1,0.4,1,750,Allura Clarity,Plane B,11,8.866881837132945,U104,20180412
663,107.0,3.1,0.9,1,750,Allura Clarity,Plane B,11,10.489483456059457,U104,20180412
664,108.0,3.1,0.0,0,750,Allura Clarity,Plane B,11,4.275229392230794,U104,20180412
665,108.0,3.1,0.1,0,750,Allura Clarity,Plane B,11,6.157673559641849,U104,20180412
666,108.0,3.1,0.4,0,750,Allura Clarity,Plane B,11,8.779836751641268,U104,20180412
667,108.0,3.1,0.9,0,750,Allura Clarity,Plane B,11,10.48446737929351,U104,20180412
668,108.0,3.1,0.0,1,750,Allura Clarity,Plane B,11,4.908694208318117,U104,20180412
669,108.0,3.1,0.1,1,750,Allura Clarity,Plane B,11,6.533379734890227,U104,20180412
670,108.0,3.1,0.4,1,750,Allura Clarity,Plane B,11,8.920272541567867,U104,20180412
671,108.0,3.1,0.9,1,750,Allura Clarity,Plane B,11,10.54488586865847,U104,20180412
672,109.0,3.1,0.0,0,750,Allura Clarity,Plane B,11,4.316944996407427,U104,20180412
673,109.0,3.1,0.1,0,750,Allura Clarity,Plane B,11,6.207044997375721,U104,20180412
674,109.0,3.1,0.4,0,750,Allura Clarity,Plane B,11,8.832471644947088,U104,20180412
675,109.0,3.1,0.9,0,750,Allura Clarity,Plane B,11,10.539133562311497,U104,20180412
676,109.0,3.1,0.0,1,750,Allura Clarity,Plane B,11,4.953463405628005,U104,20180412
677,109.0,3.1,0.1,1,750,Allura Clarity,Plane B,11,6.583609210104578,U104,20180412
678,109.0,3.1,0.4,1,750,Allura Clarity,Plane B,11,8.973017318033614,U104,20180412
679,109.0,3.1,0.9,1,750,Allura Clarity,Plane B,11,10.59977230748536,U104,20180412
680,110.0,3.1,0.0,0,750,Allura Clarity,Plane B,11,4.3585040022447314,U104,20180412
681,110.0,3.1,0.1,0,750,Allura Clarity,Plane B,11,6.255967804974124,U104,20180412
682,110.0,3.1,0.4,0,750,Allura Clarity,Plane B,11,8.884502021184886,U104,20180412
683,110.0,3.1,0.9,0,750,Allura Clarity,Plane B,11,10.59330988750919,U104,20180412
684,110.0,3.1,0.0,1,750,Allura Clarity,Plane B,11,4.9979759599875155,U104,20180412
685,110.0,3.1,0.1,1,750,Allura Clarity,Plane B,11,6.6333459224194575,U104,20180412
686,110.0,3.1,0.4,1,750,Allura Clarity,Plane B,11,9.025163510963429,U104,20180412
687,110.0,3.1,0.9,1,750,Allura Clarity,Plane B,11,10.654174342430997,U104,20180412
688,111.0,3.1,0.0,0,750,Allura Clarity,Plane B,11,4.399910834949785,U104,20180412
689,111.0,3.1,0.1,0,750,Allura Clarity,Plane B,11,6.304451453534402,U104,20180412
690,111.0,3.1,0.4,0,750,Allura Clarity,Plane B,11,8.935945953076564,U104,20180412
691,111.0,3.1,0.9,0,750,Allura Clarity,Plane B,11,10.647005045318718,U104,20180412
692,111.0,3.1,0.0,1,750,Allura Clarity,Plane B,11,5.0422367366129865,U104,20180412
693,111.0,3.1,0.1,1,750,Allura Clarity,Plane B,11,6.682601330747784,U104,20180412
694,111.0,3.1,0.4,1,750,Allura Clarity,Plane B,11,9.07672882026354,U104,20180412
695,111.0,3.1,0.9,1,750,Allura Clarity,Plane B,11,10.708100188314111,U104,20180412
696,112.0,3.1,0.0,0,750,Allura Clarity,Plane B,11,4.441182920283786,U104,20180412
697,112.0,3.1,0.1,0,750,Allura Clarity,Plane B,11,6.352533537790116,U104,20180412
698,112.0,3.1,0.4,0,750,Allura Clarity,Plane B,11,8.98684839542178,U104,20180412
699,112.0,3.1,0.9,0,750,Allura Clarity,Plane B,11,10.700248510872427,U104,20180412
700,112.0,3.1,0.0,1,750,Allura Clarity,Plane B,11,5.086269996348051,U104,20180412
701,112.0,3.1,0.1,1,750,Allura Clarity,Plane B,11,6.731416213476548,U104,20180412
702,112.0,3.1,0.4,1,750,Allura Clarity,Plane B,11,9.127757556645197,U104,20180412
703,112.0,3.1,0.9,1,750,Allura Clarity,Plane B,11,10.761578410539217,U104,20180412
704,113.0,3.1,0.0,0,750,Allura Clarity,Plane B,11,4.482320854303215,U104,20180412
705,113.0,3.1,0.1,0,750,Allura Clarity,Plane B,11,6.40022359733502,U104,20180412
706,113.0,3.1,0.4,0,750,Allura Clarity,Plane B,11,9.037230354012735,U104,20180412
707,113.0,3.1,0.9,0,750,Allura Clarity,Plane B,11,10.753051164024232,U104,20180412
708,113.0,3.1,0.0,1,750,Allura Clarity,Plane B,11,5.130078467086618,U104,20180412
709,113.0,3.1,0.1,1,750,Allura Clarity,Plane B,11,6.7798023675882595,U104,20180412
710,113.0,3.1,0.4,1,750,Allura Clarity,Plane B,11,9.178270632315062,U104,20180412
711,113.0,3.1,0.9,1,750,Allura Clarity,Plane B,11,10.814619151757835,U104,20180412
712,114.0,3.1,0.0,0,750,Allura Clarity,Plane B,11,4.523335967757473,U104,20180412
713,114.0,3.1,0.1,0,750,Allura Clarity,Plane B,11,6.447543078854564,U104,20180412
714,114.0,3.1,0.4,0,750,Allura Clarity,Plane B,11,9.087123797422304,U104,20180412
715,114.0,3.1,0.9,0,750,Allura Clarity,Plane B,11,10.805436713985475,U104,20180412
716,114.0,3.1,0.0,1,750,Allura Clarity,Plane B,11,5.17367661730483,U104,20180412
717,114.0,3.1,0.1,1,750,Allura Clarity,Plane B,11,6.827783271448879,U104,20180412
718,114.0,3.1,0.4,1,750,Allura Clarity,Plane B,11,9.228299993866313,U104,20180412
719,114.0,3.1,0.9,1,750,Allura Clarity,Plane B,11,10.867245491226896,U104,20180412
720,115.0,3.1,0.0,0,750,Allura Clarity,Plane B,11,4.564239715022282,U104,20180412
721,115.0,3.1,0.1,0,750,Allura Clarity,Plane B,11,6.494512889595002,U104,20180412
722,115.0,3.1,0.4,0,750,Allura Clarity,Plane B,11,9.13654861493919,U104,20180412
723,115.0,3.1,0.9,0,750,Allura Clarity,Plane B,11,10.857412744888599,U104,20180412
724,115.0,3.1,0.0,1,750,Allura Clarity,Plane B,11,5.21707960132702,U104,20180412
725,115.0,3.1,0.1,1,750,Allura Clarity,Plane B,11,6.875380934552042,U104,20180412
726,115.0,3.1,0.4,1,750,Allura Clarity,Plane B,11,9.277864782047713,U104,20180412
727,115.0,3.1,0.9,1,750,Allura Clarity,Plane B,11,10.919464481505932,U104,20180412
728,116.0,3.1,0.0,0,750,Allura Clarity,Plane B,11,4.605033728615243,U104,20180412
729,116.0,3.1,0.1,0,750,Allura Clarity,Plane B,11,6.541142709529824,U104,20180412
730,116.0,3.1,0.4,0,750,Allura Clarity,Plane B,11,9.185525055861147,U104,20180412
731,116.0,3.1,0.9,0,750,Allura Clarity,Plane B,11,10.908991342905264,U104,20180412
732,116.0,3.1,0.0,1,750,Allura Clarity,Plane B,11,5.260290716918293,U104,20180412
733,116.0,3.1,0.1,1,750,Allura Clarity,Plane B,11,6.922607193892197,U104,20180412
734,116.0,3.1,0.4,1,750,Allura Clarity,Plane B,11,9.3269851394849,U104,20180412
735,116.0,3.1,0.9,1,750,Allura Clarity,Plane B,11,10.971287648044058,U104,20180412
736,117.0,3.1,0.0,0,750,Allura Clarity,Plane B,11,4.645727100844963,U104,20180412
737,117.0,3.1,0.1,0,750,Allura Clarity,Plane B,11,6.587448528857548,U104,20180412
738,117.0,3.1,0.4,0,750,Allura Clarity,Plane B,11,9.234075166037329,U104,20180412
739,117.0,3.1,0.9,0,750,Allura Clarity,Plane B,11,10.960189272330101,U104,20180412
740,117.0,3.1,0.0,1,750,Allura Clarity,Plane B,11,5.3033215315469375,U104,20180412
741,117.0,3.1,0.1,1,750,Allura Clarity,Plane B,11,6.969479314986222,U104,20180412
742,117.0,3.1,0.4,1,750,Allura Clarity,Plane B,11,9.375683050691283,U104,20180412
743,117.0,3.1,0.9,1,750,Allura Clarity,Plane B,11,11.022731398058662,U104,20180412
744,118.0,3.1,0.0,0,750,Allura Clarity,Plane B,11,4.686323681897603,U104,20180412
745,118.0,3.1,0.1,0,750,Allura Clarity,Plane B,11,6.633447519943738,U104,20180412
746,118.0,3.1,0.4,0,750,Allura Clarity,Plane B,11,9.28222119660104,U104,20180412
747,118.0,3.1,0.9,0,750,Allura Clarity,Plane B,11,11.01101644426091,U104,20180412
748,118.0,3.1,0.0,1,750,Allura Clarity,Plane B,11,5.346180126562466,U104,20180412
749,118.0,3.1,0.1,1,750,Allura Clarity,Plane B,11,7.016016744754586,U104,20180412
750,118.0,3.1,0.4,1,750,Allura Clarity,Plane B,11,9.423980165598783,U104,20180412
751,118.0,3.1,0.9,1,750,Allura Clarity,Plane B,11,11.07380503552178,U104,20180412
752,119.0,3.1,0.0,0,750,Allura Clarity,Plane B,11,4.726817735218768,U104,20180412
753,119.0,3.1,0.1,0,750,Allura Clarity,Plane B,11,6.679146085359238,U104,20180412
754,119.0,3.1,0.4,0,750,Allura Clarity,Plane B,11,9.329976807066092,U104,20180412
755,119.0,3.1,0.9,0,750,Allura Clarity,Plane B,11,11.061478798360913,U104,20180412
756,119.0,3.1,0.0,1,750,Allura Clarity,Plane B,11,5.3888647302812664,U104,20180412
757,119.0,3.1,0.1,1,750,Allura Clarity,Plane B,11,7.062227999676443,U104,20180412
758,119.0,3.1,0.4,1,750,Allura Clarity,Plane B,11,9.471889845079842,U104,20180412
759,119.0,3.1,0.9,1,750,Allura Clarity,Plane B,11,11.124514065669187,U104,20180412
760,120.0,3.1,0.0,0,750,Allura Clarity,Plane B,11,4.767213100979333,U104,20180412
761,120.0,3.1,0.1,0,750,Allura Clarity,Plane B,11,6.724550037173638,U104,20180412
762,120.0,3.1,0.4,0,750,Allura Clarity,Plane B,11,9.377348097876094,U104,20180412
763,120.0,3.1,0.9,0,750,Allura Clarity,Plane B,11,11.11157716545006,U104,20180412
764,120.0,3.1,0.0,1,750,Allura Clarity,Plane B,11,5.431379981393141,U104,20180412
765,120.0,3.1,0.1,1,750,Allura Clarity,Plane B,11,7.108119119152964,U104,20180412
766,120.0,3.1,0.4,1,750,Allura Clarity,Plane B,11,9.519417938257419,U104,20180412
767,120.0,3.1,0.9,1,750,Allura Clarity,Plane B,11,11.174858993263333,U104,20180412
768,121.0,3.1,0.0,0,750,Allura Clarity,Plane B,11,4.807514818902535,U104,20180412
769,121.0,3.1,0.1,0,750,Allura Clarity,Plane B,11,6.769675418202787,U104,20180412
770,121.0,3.1,0.4,0,750,Allura Clarity,Plane B,11,9.424359105568945,U104,20180412
771,121.0,3.1,0.9,0,750,Allura Clarity,Plane B,11,11.161325764395787,U104,20180412
772,121.0,3.1,0.0,1,750,Allura Clarity,Plane B,11,5.473734216364629,U104,20180412
773,121.0,3.1,0.1,1,750,Allura Clarity,Plane B,11,7.153708279550881,U104,20180412
774,121.0,3.1,0.4,1,750,Allura Clarity,Plane B,11,9.566588133064073,U104,20180412
775,121.0,3.1,0.9,1,750,Allura Clarity,Plane B,11,11.224853465465007,U104,20180412
776,122.0,3.1,0.0,0,750,Allura Clarity,Plane B,11,4.8477274800816215,U104,20180412
777,122.0,3.1,0.1,0,750,Allura Clarity,Plane B,11,6.814533892170612,U104,20180412
778,122.0,3.1,0.4,0,750,Allura Clarity,Plane B,11,9.471020871724406,U104,20180412
779,122.0,3.1,0.9,0,750,Allura Clarity,Plane B,11,11.210730554464599,U104,20180412
780,122.0,3.1,0.0,1,750,Allura Clarity,Plane B,11,5.515934803245512,U104,20180412
781,122.0,3.1,0.1,1,750,Allura Clarity,Plane B,11,7.19900798462628,U104,20180412
782,122.0,3.1,0.4,1,750,Allura Clarity,Plane B,11,9.613411048454964,U104,20180412
783,122.0,3.1,0.9,1,750,Allura Clarity,Plane B,11,11.274503256381463,U104,20180412
784,123.0,3.1,0.0,0,750,Allura Clarity,Plane B,11,4.887854092729542,U104,20180412
785,123.0,3.1,0.1,0,750,Allura Clarity,Plane B,11,6.859131593470064,U104,20180412
786,123.0,3.1,0.4,0,750,Allura Clarity,Plane B,11,9.5173420615569,U104,20180412
787,123.0,3.1,0.9,0,750,Allura Clarity,Plane B,11,11.259796339745009,U104,20180412
788,123.0,3.1,0.0,1,750,Allura Clarity,Plane B,11,5.557985578910062,U104,20180412
789,123.0,3.1,0.1,1,750,Allura Clarity,Plane B,11,7.244024899496776,U104,20180412
790,123.0,3.1,0.4,1,750,Allura Clarity,Plane B,11,9.659895223090183,U104,20180412
791,123.0,3.1,0.9,1,750,Allura Clarity,Plane B,11,11.323812922204523,U104,20180412
792,124.0,3.1,0.0,0,750,Allura Clarity,Plane B,11,4.9279047595598495,U104,20180412
793,124.0,3.1,0.1,0,750,Allura Clarity,Plane B,11,6.9034831738644025,U104,20180412
794,124.0,3.1,0.4,0,750,Allura Clarity,Plane B,11,9.563343039192114,U104,20180412
795,124.0,3.1,0.9,0,750,Allura Clarity,Plane B,11,11.308539346545565,U104,20180412
796,124.0,3.1,0.0,1,750,Allura Clarity,Plane B,11,5.599897636038948,U104,20180412
797,124.0,3.1,0.1,1,750,Allura Clarity,Plane B,11,7.288774796567121,U104,20180412
798,124.0,3.1,0.4,1,750,Allura Clarity,Plane B,11,9.706060954325423,U104,20180412
799,124.0,3.1,0.9,1,750,Allura Clarity,Plane B,11,11.37279840506132,U104,20180412
800,125.0,3.1,0.0,0,750,Allura Clarity,Plane B,11,4.967882835947968,U104,20180412
801,125.0,3.1,0.1,0,750,Allura Clarity,Plane B,11,6.947596104399281,U104,20180412
802,125.0,3.1,0.4,0,750,Allura Clarity,Plane B,11,9.609031268085594,U104,20180412
803,125.0,3.1,0.9,0,750,Allura Clarity,Plane B,11,11.356961861780192,U104,20180412
804,125.0,3.1,0.0,1,750,Allura Clarity,Plane B,11,5.641675739799245,U104,20180412
805,125.0,3.1,0.1,1,750,Allura Clarity,Plane B,11,7.333265806823793,U104,20180412
806,125.0,3.1,0.4,1,750,Allura Clarity,Plane B,11,9.751915333582675,U104,20180412
807,125.0,3.1,0.9,1,750,Allura Clarity,Plane B,11,11.421461788648447,U104,20180412
808,126.0,3.1,0.0,0,750,Allura Clarity,Plane B,11,5.0098142788308015,U104,20180412
809,126.0,3.1,0.1,0,750,Allura Clarity,Plane B,11,6.993175200564792,U104,20180412
810,126.0,3.1,0.4,0,750,Allura Clarity,Plane B,11,9.654146382304042,U104,20180412
811,126.0,3.1,0.9,0,750,Allura Clarity,Plane B,11,11.403149127174537,U104,20180412
812,126.0,3.1,0.0,1,750,Allura Clarity,Plane B,11,5.685340835650237,U104,20180412
813,126.0,3.1,0.1,1,750,Allura Clarity,Plane B,11,7.379022931101567,U104,20180412
814,126.0,3.1,0.4,1,750,Allura Clarity,Plane B,11,9.797053806555928,U104,20180412
815,126.0,3.1,0.9,1,750,Allura Clarity,Plane B,11,11.467845418668066,U104,20180412
816,127.0,3.1,0.0,0,750,Allura Clarity,Plane B,11,5.051604853046432,U104,20180412
817,127.0,3.1,0.1,0,750,Allura Clarity,Plane B,11,7.0384201412094285,U104,20180412
818,127.0,3.1,0.4,0,750,Allura Clarity,Plane B,11,9.69889404571993,U104,20180412
819,127.0,3.1,0.9,0,750,Allura Clarity,Plane B,11,11.449042197927739,U104,20180412
820,127.0,3.1,0.0,1,750,Allura Clarity,Plane B,11,5.728790792537636,U104,20180412
821,127.0,3.1,0.1,1,750,Allura Clarity,Plane B,11,7.424425199714193,U104,20180412
822,127.0,3.1,0.4,1,750,Allura Clarity,Plane B,11,9.841831406153736,U104,20180412
823,127.0,3.1,0.9,1,750,Allura Clarity,Plane B,11,11.513936417206214,U104,20180412
824,128.0,3.1,0.0,0,750,Allura Clarity,Plane B,11,5.093256427845716,U104,20180412
825,128.0,3.1,0.1,0,750,Allura Clarity,Plane B,11,7.083342406245834,U104,20180412
826,128.0,3.1,0.4,0,750,Allura Clarity,Plane B,11,9.74329023653075,U104,20180412
827,128.0,3.1,0.9,0,750,Allura Clarity,Plane B,11,11.49465090984791,U104,20180412
828,128.0,3.1,0.0,1,750,Allura Clarity,Plane B,11,5.772030791174839,U104,20180412
829,128.0,3.1,0.1,1,750,Allura Clarity,Plane B,11,7.4694856134492715,U104,20180412
830,128.0,3.1,0.4,1,750,Allura Clarity,Plane B,11,9.886263845381807,U104,20180412
831,128.0,3.1,0.9,1,750,Allura Clarity,Plane B,11,11.559744313414342,U104,20180412
832,129.0,3.1,0.0,0,750,Allura Clarity,Plane B,11,5.13476323687102,U104,20180412
833,129.0,3.1,0.1,0,750,Allura Clarity,Plane B,11,7.127948737302661,U104,20180412
834,129.0,3.1,0.4,0,750,Allura Clarity,Plane B,11,9.787345126383881,U104,20180412
835,129.0,3.1,0.9,0,750,Allura Clarity,Plane B,11,11.539973351464532,U104,20180412
836,129.0,3.1,0.0,1,750,Allura Clarity,Plane B,11,5.815059484104176,U104,20180412
837,129.0,3.1,0.1,1,750,Allura Clarity,Plane B,11,7.514212800546865,U104,20180412
838,129.0,3.1,0.4,1,750,Allura Clarity,Plane B,11,9.93036066666494,U104,20180412
839,129.0,3.1,0.9,1,750,Allura Clarity,Plane B,11,11.605266648135698,U104,20180412
840,130.0,3.1,0.0,0,750,Allura Clarity,Plane B,11,5.176132676245921,U104,20180412
841,130.0,3.1,0.1,0,750,Allura Clarity,Plane B,11,7.172253652357011,U104,20180412
842,130.0,3.1,0.4,0,750,Allura Clarity,Plane B,11,9.83107055514254,U104,20180412
843,130.0,3.1,0.9,0,750,Allura Clarity,Plane B,11,11.58501444875567,U104,20180412
844,130.0,3.1,0.0,1,750,Allura Clarity,Plane B,11,5.857887373267106,U104,20180412
845,130.0,3.1,0.1,1,750,Allura Clarity,Plane B,11,7.558621787428651,U104,20180412
846,130.0,3.1,0.4,1,750,Allura Clarity,Plane B,11,9.9741331777692,U104,20180412
847,130.0,3.1,0.9,1,750,Allura Clarity,Plane B,11,11.650508100590711,U104,20180412
848,131.0,3.1,0.0,0,750,Allura Clarity,Plane B,11,5.217362221947466,U104,20180412
849,131.0,3.1,0.1,0,750,Allura Clarity,Plane B,11,7.216259961488342,U104,20180412
850,131.0,3.1,0.4,0,750,Allura Clarity,Plane B,11,9.874476559908016,U104,20180412
851,131.0,3.1,0.9,0,750,Allura Clarity,Plane B,11,11.629779053117401,U104,20180412
852,131.0,3.1,0.0,1,750,Allura Clarity,Plane B,11,5.9005128315285065,U104,20180412
853,131.0,3.1,0.1,1,750,Allura Clarity,Plane B,11,7.602716903036788,U104,20180412
854,131.0,3.1,0.4,1,750,Allura Clarity,Plane B,11,10.017591334001201,U104,20180412
855,131.0,3.1,0.9,1,750,Allura Clarity,Plane B,11,11.695473200269877,U104,20180412
856,132.0,3.1,0.0,0,750,Allura Clarity,Plane B,11,5.25846588088928,U104,20180412
857,132.0,3.1,0.1,0,750,Allura Clarity,Plane B,11,7.259988862075087,U104,20180412
858,132.0,3.1,0.4,0,750,Allura Clarity,Plane B,11,9.917581519286811,U104,20180412
859,132.0,3.1,0.9,0,750,Allura Clarity,Plane B,11,11.674278011563654,U104,20180412
860,132.0,3.1,0.0,1,750,Allura Clarity,Plane B,11,5.942953386110049,U104,20180412
861,132.0,3.1,0.1,1,750,Allura Clarity,Plane B,11,7.646519695226205,U104,20180412
862,132.0,3.1,0.4,1,750,Allura Clarity,Plane B,11,10.06075302255727,U104,20180412
863,132.0,3.1,0.9,1,750,Allura Clarity,Plane B,11,11.740172480255012,U104,20180412
864,133.0,3.1,0.0,0,750,Allura Clarity,Plane B,11,5.299441814381685,U104,20180412
865,133.0,3.1,0.1,0,750,Allura Clarity,Plane B,11,7.303441280197845,U104,20180412
866,133.0,3.1,0.4,0,750,Allura Clarity,Plane B,11,9.960389220905723,U104,20180412
867,133.0,3.1,0.9,0,750,Allura Clarity,Plane B,11,11.718510849825803,U104,20180412
868,133.0,3.1,0.0,1,750,Allura Clarity,Plane B,11,5.98520722058277,U104,20180412
869,133.0,3.1,0.1,1,750,Allura Clarity,Plane B,11,7.690031962701875,U104,20180412
870,133.0,3.1,0.4,1,750,Allura Clarity,Plane B,11,10.103621794415487,U104,20180412
871,133.0,3.1,0.9,1,750,Allura Clarity,Plane B,11,11.784605298819839,U104,20180412
872,134.0,3.1,0.0,0,750,Allura Clarity,Plane B,11,5.340301513761428,U104,20180412
873,134.0,3.1,0.1,0,750,Allura Clarity,Plane B,11,7.346634831102006,U104,20180412
874,134.0,3.1,0.4,0,750,Allura Clarity,Plane B,11,10.002918463026747,U104,20180412
875,134.0,3.1,0.9,0,750,Allura Clarity,Plane B,11,11.762492594405044,U104,20180412
876,134.0,3.1,0.0,1,750,Allura Clarity,Plane B,11,6.027288332981104,U104,20180412
877,134.0,3.1,0.1,1,750,Allura Clarity,Plane B,11,7.733272034504301,U104,20180412
878,134.0,3.1,0.4,1,750,Allura Clarity,Plane B,11,10.146216263265297,U104,20180412
879,134.0,3.1,0.9,1,750,Allura Clarity,Plane B,11,11.828786472175576,U104,20180412
880,135.0,3.1,0.0,0,750,Allura Clarity,Plane B,11,5.381062133217707,U104,20180412
881,135.0,3.1,0.1,0,750,Allura Clarity,Plane B,11,7.38958977203808,U104,20180412
882,135.0,3.1,0.4,0,750,Allura Clarity,Plane B,11,10.04518802228126,U104,20180412
883,135.0,3.1,0.9,0,750,Allura Clarity,Plane B,11,11.80623571646375,U104,20180412
884,135.0,3.1,0.0,1,750,Allura Clarity,Plane B,11,6.06921487789622,U104,20180412
885,135.0,3.1,0.1,1,750,Allura Clarity,Plane B,11,7.776260498332096,U104,20180412
886,135.0,3.1,0.4,1,750,Allura Clarity,Plane B,11,10.188554798423663,U104,20180412
887,135.0,3.1,0.9,1,750,Allura Clarity,Plane B,11,11.872728239252002,U104,20180412
888,136.0,3.1,0.0,0,750,Allura Clarity,Plane B,11,5.421714773423582,U104,20180412
889,136.0,3.1,0.1,0,750,Allura Clarity,Plane B,11,7.432300478428431,U104,20180412
890,136.0,3.1,0.4,0,750,Allura Clarity,Plane B,11,10.087194177389256,U104,20180412
891,136.0,3.1,0.9,0,750,Allura Clarity,Plane B,11,11.849736069811819,U104,20180412
892,136.0,3.1,0.0,1,750,Allura Clarity,Plane B,11,6.110979060827128,U104,20180412
893,136.0,3.1,0.1,1,750,Allura Clarity,Plane B,11,7.818992213287323,U104,20180412
894,136.0,3.1,0.4,1,750,Allura Clarity,Plane B,11,10.230633648860087,U104,20180412
895,136.0,3.1,0.9,1,750,Allura Clarity,Plane B,11,11.916426445061596,U104,20180412
896,137.0,3.1,0.0,0,750,Allura Clarity,Plane B,11,5.462274896261167,U104,20180412
897,137.0,3.1,0.1,0,750,Allura Clarity,Plane B,11,7.474786851900355,U104,20180412
898,137.0,3.1,0.4,0,750,Allura Clarity,Plane B,11,10.128955900138237,U104,20180412
899,137.0,3.1,0.9,0,750,Allura Clarity,Plane B,11,11.893003388360617,U104,20180412
900,137.0,3.1,0.0,1,750,Allura Clarity,Plane B,11,6.1525980297863745,U104,20180412
901,137.0,3.1,0.1,1,750,Allura Clarity,Plane B,11,7.861487608091255,U104,20180412
902,137.0,3.1,0.4,1,750,Allura Clarity,Plane B,11,10.272471279752393,U104,20180412
903,137.0,3.1,0.9,1,750,Allura Clarity,Plane B,11,11.95989040562011,U104,20180412
904,138.0,3.1,0.0,0,750,Allura Clarity,Plane B,11,5.502731855311452,U104,20180412
905,138.0,3.1,0.1,0,750,Allura Clarity,Plane B,11,7.517044789397841,U104,20180412
906,138.0,3.1,0.4,0,750,Allura Clarity,Plane B,11,10.170473754310615,U104,20180412
907,138.0,3.1,0.9,0,750,Allura Clarity,Plane B,11,11.936038868450568,U104,20180412
908,138.0,3.1,0.0,1,750,Allura Clarity,Plane B,11,6.194063249725387,U104,20180412
909,138.0,3.1,0.1,1,750,Allura Clarity,Plane B,11,7.903743638828424,U104,20180412
910,138.0,3.1,0.4,1,750,Allura Clarity,Plane B,11,10.314068287820398,U104,20180412
911,138.0,3.1,0.9,1,750,Allura Clarity,Plane B,11,12.003121377943842,U104,20180412
912,139.0,3.1,0.0,0,750,Allura Clarity,Plane B,11,5.543086966683209,U104,20180412
913,139.0,3.1,0.1,0,750,Allura Clarity,Plane B,11,7.559084696498651,U104,20180412
914,139.0,3.1,0.4,0,750,Allura Clarity,Plane B,11,10.211754925709476,U104,20180412
915,139.0,3.1,0.9,0,750,Allura Clarity,Plane B,11,11.978841166177354,U104,20180412
916,139.0,3.1,0.0,1,750,Allura Clarity,Plane B,11,6.23538006449882,U104,20180412
917,139.0,3.1,0.1,1,750,Allura Clarity,Plane B,11,7.9457716790995745,U104,20180412
918,139.0,3.1,0.4,1,750,Allura Clarity,Plane B,11,10.355431209919766,U104,20180412
919,139.0,3.1,0.9,1,750,Allura Clarity,Plane B,11,12.046117735576088,U104,20180412
920,140.0,3.1,0.0,0,750,Allura Clarity,Plane B,11,5.5833346901907905,U104,20180412
921,140.0,3.1,0.1,0,750,Allura Clarity,Plane B,11,7.60090555939516,U104,20180412
922,140.0,3.1,0.4,0,750,Allura Clarity,Plane B,11,10.252802984694696,U104,20180412
923,140.0,3.1,0.9,0,750,Allura Clarity,Plane B,11,12.021412409594486,U104,20180412
924,140.0,3.1,0.0,1,750,Allura Clarity,Plane B,11,6.276544124226226,U104,20180412
925,140.0,3.1,0.1,1,750,Allura Clarity,Plane B,11,7.987571375126262,U104,20180412
926,140.0,3.1,0.4,1,750,Allura Clarity,Plane B,11,10.396563613464563,U104,20180412
927,140.0,3.1,0.9,1,750,Allura Clarity,Plane B,11,12.088881536246248,U104,20180412
928,141.0,3.1,0.0,0,750,Allura Clarity,Plane B,11,5.623480653451636,U104,20180412
929,141.0,3.1,0.1,0,750,Allura Clarity,Plane B,11,7.64251907054276,U104,20180412
930,141.0,3.1,0.4,0,750,Allura Clarity,Plane B,11,10.293628139039956,U104,20180412
931,141.0,3.1,0.9,0,750,Allura Clarity,Plane B,11,12.063756368140808,U104,20180412
932,141.0,3.1,0.0,1,750,Allura Clarity,Plane B,11,6.317563577736932,U104,20180412
933,141.0,3.1,0.1,1,750,Allura Clarity,Plane B,11,8.029155086537916,U104,20180412
934,141.0,3.1,0.4,1,750,Allura Clarity,Plane B,11,10.437475249282478,U104,20180412
935,141.0,3.1,0.9,1,750,Allura Clarity,Plane B,11,12.131416312338848,U104,20180412
936,142.0,3.1,0.0,0,750,Allura Clarity,Plane B,11,5.663520319773583,U104,20180412
937,142.0,3.1,0.1,0,750,Allura Clarity,Plane B,11,7.683919899144112,U104,20180412
938,142.0,3.1,0.4,0,750,Allura Clarity,Plane B,11,10.334228152870844,U104,20180412
939,142.0,3.1,0.9,0,750,Allura Clarity,Plane B,11,12.10587396050751,U104,20180412
940,142.0,3.1,0.0,1,750,Allura Clarity,Plane B,11,6.35843324079694,U104,20180412
941,142.0,3.1,0.1,1,750,Allura Clarity,Plane B,11,8.070517673417939,U104,20180412
942,142.0,3.1,0.4,1,750,Allura Clarity,Plane B,11,10.478164101808384,U104,20180412
943,142.0,3.1,0.9,1,750,Allura Clarity,Plane B,11,12.173723107031423,U104,20180412
944,143.0,3.1,0.0,0,750,Allura Clarity,Plane B,11,5.703461682046698,U104,20180412
945,143.0,3.1,0.1,0,750,Allura Clarity,Plane B,11,7.725122168993587,U104,20180412
946,143.0,3.1,0.4,0,750,Allura Clarity,Plane B,11,10.37461466370451,U104,20180412
947,143.0,3.1,0.9,0,750,Allura Clarity,Plane B,11,12.147767765350194,U104,20180412
948,143.0,3.1,0.0,1,750,Allura Clarity,Plane B,11,6.399163466006005,U104,20180412
949,143.0,3.1,0.1,1,750,Allura Clarity,Plane B,11,8.111673771476646,U104,20180412
950,143.0,3.1,0.4,1,750,Allura Clarity,Plane B,11,10.518641213651188,U104,20180412
951,143.0,3.1,0.9,1,750,Allura Clarity,Plane B,11,12.215804127057778,U104,20180412
952,144.0,3.1,0.0,0,750,Allura Clarity,Plane B,11,5.743314396737373,U104,20180412
953,144.0,3.1,0.1,0,750,Allura Clarity,Plane B,11,7.766137588714768,U104,20180412
954,144.0,3.1,0.4,0,750,Allura Clarity,Plane B,11,10.414796075273562,U104,20180412
955,144.0,3.1,0.9,0,750,Allura Clarity,Plane B,11,12.189445697864612,U104,20180412
956,144.0,3.1,0.0,1,750,Allura Clarity,Plane B,11,6.439765282682431,U104,20180412
957,144.0,3.1,0.1,1,750,Allura Clarity,Plane B,11,8.152634888063774,U104,20180412
958,144.0,3.1,0.4,1,750,Allura Clarity,Plane B,11,10.558914818676703,U104,20180412
959,144.0,3.1,0.9,1,750,Allura Clarity,Plane B,11,12.2576673441979,U104,20180412
960,145.0,3.1,0.0,0,750,Allura Clarity,Plane B,11,5.78306995114485,U104,20180412
961,145.0,3.1,0.1,0,750,Allura Clarity,Plane B,11,7.806962139946156,U104,20180412
962,145.0,3.1,0.4,0,750,Allura Clarity,Plane B,11,10.454771856021944,U104,20180412
963,145.0,3.1,0.9,0,750,Allura Clarity,Plane B,11,12.230902297834083,U104,20180412
964,145.0,3.1,0.0,1,750,Allura Clarity,Plane B,11,6.480231295467841,U104,20180412
965,145.0,3.1,0.1,1,750,Allura Clarity,Plane B,11,8.193397922066078,U104,20180412
966,145.0,3.1,0.4,1,750,Allura Clarity,Plane B,11,10.59898414995669,U104,20180412
967,145.0,3.1,0.9,1,750,Allura Clarity,Plane B,11,12.299307060440116,U104,20180412
968,146.0,3.1,0.0,0,750,Allura Clarity,Plane B,11,5.822729570303781,U104,20180412
969,146.0,3.1,0.1,0,750,Allura Clarity,Plane B,11,7.847598804146764,U104,20180412
970,146.0,3.1,0.4,0,750,Allura Clarity,Plane B,11,10.494546769065002,U104,20180412
971,146.0,3.1,0.9,0,750,Allura Clarity,Plane B,11,12.272145781707865,U104,20180412
972,146.0,3.1,0.0,1,750,Allura Clarity,Plane B,11,6.520563543518496,U104,20180412
973,146.0,3.1,0.1,1,750,Allura Clarity,Plane B,11,8.233966093516669,U104,20180412
974,146.0,3.1,0.4,1,750,Allura Clarity,Plane B,11,10.638854186439671,U104,20180412
975,146.0,3.1,0.9,1,750,Allura Clarity,Plane B,11,12.34073163448587,U104,20180412
976,147.0,3.1,0.0,0,750,Allura Clarity,Plane B,11,5.862299088045891,U104,20180412
977,147.0,3.1,0.1,0,750,Allura Clarity,Plane B,11,7.888057897522373,U104,20180412
978,147.0,3.1,0.4,0,750,Allura Clarity,Plane B,11,10.534128962601724,U104,20180412
979,147.0,3.1,0.9,0,750,Allura Clarity,Plane B,11,12.31317692617934,U104,20180412
980,147.0,3.1,0.0,1,750,Allura Clarity,Plane B,11,6.560769237356029,U104,20180412
981,147.0,3.1,0.1,1,750,Allura Clarity,Plane B,11,8.274350275685029,U104,20180412
982,147.0,3.1,0.4,1,750,Allura Clarity,Plane B,11,10.678532494337391,U104,20180412
983,147.0,3.1,0.9,1,750,Allura Clarity,Plane B,11,12.381941598228696,U104,20180412
984,148.0,3.1,0.0,0,750,Allura Clarity,Plane B,11,5.901783645147867,U104,20180412
985,148.0,3.1,0.1,0,750,Allura Clarity,Plane B,11,7.928342091428506,U104,20180412
986,148.0,3.1,0.4,0,750,Allura Clarity,Plane B,11,10.57352249689141,U104,20180412
987,148.0,3.1,0.9,0,750,Allura Clarity,Plane B,11,12.354001117456384,U104,20180412
988,148.0,3.1,0.0,1,750,Allura Clarity,Plane B,11,6.600852975729967,U104,20180412
989,148.0,3.1,0.1,1,750,Allura Clarity,Plane B,11,8.314552680056316,U104,20180412
990,148.0,3.1,0.4,1,750,Allura Clarity,Plane B,11,10.718023363533035,U104,20180412
991,148.0,3.1,0.9,1,750,Allura Clarity,Plane B,11,12.42294232576691,U104,20180412
992,149.0,3.1,0.0,0,750,Allura Clarity,Plane B,11,5.941187177087273,U104,20180412
993,149.0,3.1,0.1,0,750,Allura Clarity,Plane B,11,7.968465784806401,U104,20180412
994,149.0,3.1,0.4,0,750,Allura Clarity,Plane B,11,10.612733548245398,U104,20180412
995,149.0,3.1,0.9,0,750,Allura Clarity,Plane B,11,12.394616455276475,U104,20180412
996,149.0,3.1,0.0,1,750,Allura Clarity,Plane B,11,6.640823259149345,U104,20180412
997,149.0,3.1,0.1,1,750,Allura Clarity,Plane B,11,8.354588250241726,U104,20180412
998,149.0,3.1,0.4,1,750,Allura Clarity,Plane B,11,10.757332042782629,U104,20180412
999,149.0,3.1,0.9,1,750,Allura Clarity,Plane B,11,12.463731799775667,U104,20180412
1000,150.0,3.1,0.0,0,750,Allura Clarity,Plane B,11,5.980493533130198,U104,20180412
1001,150.0,3.1,0.1,0,750,Allura Clarity,Plane B,11,8.008406930071509,U104,20180412
1002,150.0,3.1,0.4,0,750,Allura Clarity,Plane B,11,10.651753532496413,U104,20180412
1003,150.0,3.1,0.9,0,750,Allura Clarity,Plane B,11,12.435025861196403,U104,20180412
1004,150.0,3.1,0.0,1,750,Allura Clarity,Plane B,11,6.680660373361048,U104,20180412
1005,150.0,3.1,0.1,1,750,Allura Clarity,Plane B,11,8.394435407783355,U104,20180412
1006,150.0,3.1,0.4,1,750,Allura Clarity,Plane B,11,10.796451027198039,U104,20180412
1007,150.0,3.1,0.9,1,750,Allura Clarity,Plane B,11,12.504313234193475,U104,20180412
1008,151.0,3.1,0.0,0,750,Allura Clarity,Plane B,11,6.021800205227996,U104,20180412
1009,151.0,3.1,0.1,0,750,Allura Clarity,Plane B,11,8.049560549229984,U104,20180412
1010,151.0,3.1,0.4,0,750,Allura Clarity,Plane B,11,10.690343298446615,U104,20180412
1011,151.0,3.1,0.9,0,750,Allura Clarity,Plane B,11,12.474102673847755,U104,20180412
1012,151.0,3.1,0.0,1,750,Allura Clarity,Plane B,11,6.722287789809445,U104,20180412
1013,151.0,3.1,0.1,1,750,Allura Clarity,Plane B,11,8.43528784359434,U104,20180412
1014,151.0,3.1,0.4,1,750,Allura Clarity,Plane B,11,10.835048175151547,U104,20180412
1015,151.0,3.1,0.9,1,750,Allura Clarity,Plane B,11,12.543546121707765,U104,20180412
1016,152.0,3.1,0.0,0,750,Allura Clarity,Plane B,11,6.063041218474228,U104,20180412
1017,152.0,3.1,0.1,0,750,Allura Clarity,Plane B,11,8.09055324311621,U104,20180412
1018,152.0,3.1,0.4,0,750,Allura Clarity,Plane B,11,10.728782268871326,U104,20180412
1019,152.0,3.1,0.9,0,750,Allura Clarity,Plane B,11,12.513042618227642,U104,20180412
1020,152.0,3.1,0.0,1,750,Allura Clarity,Plane B,11,6.763808106734657,U104,20180412
1021,152.0,3.1,0.1,1,750,Allura Clarity,Plane B,11,8.475973862767724,U104,20180412
1022,152.0,3.1,0.4,1,750,Allura Clarity,Plane B,11,10.873497985662292,U104,20180412
1023,152.0,3.1,0.9,1,750,Allura Clarity,Plane B,11,12.58264102236925,U104,20180412
1024,153.0,3.1,0.0,0,750,Allura Clarity,Plane B,11,6.104140310610147,U104,20180412
1025,153.0,3.1,0.1,0,750,Allura Clarity,Plane B,11,8.131307351299402,U104,20180412
1026,153.0,3.1,0.4,0,750,Allura Clarity,Plane B,11,10.76698283128536,U104,20180412
1027,153.0,3.1,0.9,0,750,Allura Clarity,Plane B,11,12.551751838930947,U104,20180412
1028,153.0,3.1,0.0,1,750,Allura Clarity,Plane B,11,6.805145090322284,U104,20180412
1029,153.0,3.1,0.1,1,750,Allura Clarity,Plane B,11,8.51641495297443,U104,20180412
1030,153.0,3.1,0.4,1,750,Allura Clarity,Plane B,11,10.911711961491447,U104,20180412
1031,153.0,3.1,0.9,1,750,Allura Clarity,Plane B,11,12.621504034269332,U104,20180412
1032,154.0,3.1,0.0,0,750,Allura Clarity,Plane B,11,6.1451361530566295,U104,20180412
1033,154.0,3.1,0.1,0,750,Allura Clarity,Plane B,11,8.171862238442804,U104,20180412
1034,154.0,3.1,0.4,0,750,Allura Clarity,Plane B,11,10.804989884217703,U104,20180412
1035,154.0,3.1,0.9,0,750,Allura Clarity,Plane B,11,12.590271196015562,U104,20180412
1036,154.0,3.1,0.0,1,750,Allura Clarity,Plane B,11,6.8463368821836,U104,20180412
1037,154.0,3.1,0.1,1,750,Allura Clarity,Plane B,11,8.556651060415035,U104,20180412
1038,154.0,3.1,0.4,1,750,Allura Clarity,Plane B,11,10.949735138794196,U104,20180412
1039,154.0,3.1,0.9,1,750,Allura Clarity,Plane B,11,12.660175625025367,U104,20180412
1040,155.0,3.1,0.0,0,750,Allura Clarity,Plane B,11,6.186085469059831,U104,20180412
1041,155.0,3.1,0.1,0,750,Allura Clarity,Plane B,11,8.212289415969702,U104,20180412
1042,155.0,3.1,0.4,0,750,Allura Clarity,Plane B,11,10.842873417976774,U104,20180412
1043,155.0,3.1,0.9,0,750,Allura Clarity,Plane B,11,12.628668486188607,U104,20180412
1044,155.0,3.1,0.0,1,750,Allura Clarity,Plane B,11,6.887446780163033,U104,20180412
1045,155.0,3.1,0.1,1,750,Allura Clarity,Plane B,11,8.596754969898047,U104,20180412
1046,155.0,3.1,0.4,1,750,Allura Clarity,Plane B,11,10.9876372075054,U104,20180412
1047,155.0,3.1,0.9,1,750,Allura Clarity,Plane B,11,12.698723679098299,U104,20180412
1048,156.0,3.1,0.0,0,750,Allura Clarity,Plane B,11,6.226890564350795,U104,20180412
1049,156.0,3.1,0.1,0,750,Allura Clarity,Plane B,11,8.25248511451434,U104,20180412
1050,156.0,3.1,0.4,0,750,Allura Clarity,Plane B,11,10.880526745230249,U104,20180412
1051,156.0,3.1,0.9,0,750,Allura Clarity,Plane B,11,12.666835314171903,U104,20180412
1052,156.0,3.1,0.0,1,750,Allura Clarity,Plane B,11,6.92837458673198,U104,20180412
1053,156.0,3.1,0.1,1,750,Allura Clarity,Plane B,11,8.636622070171333,U104,20180412
1054,156.0,3.1,0.4,1,750,Allura Clarity,Plane B,11,11.02531115769322,U104,20180412
1055,156.0,3.1,0.9,1,750,Allura Clarity,Plane B,11,12.73703975382684,U104,20180412
1056,157.0,3.1,0.0,0,750,Allura Clarity,Plane B,11,6.267593557236108,U104,20180412
1057,157.0,3.1,0.1,0,750,Allura Clarity,Plane B,11,8.292496087792266,U104,20180412
1058,157.0,3.1,0.4,0,750,Allura Clarity,Plane B,11,10.918002066782728,U104,20180412
1059,157.0,3.1,0.9,0,750,Allura Clarity,Plane B,11,12.704823984882625,U104,20180412
1060,157.0,3.1,0.0,1,750,Allura Clarity,Plane B,11,6.969163883321141,U104,20180412
1061,157.0,3.1,0.1,1,750,Allura Clarity,Plane B,11,8.676300075233765,U104,20180412
1062,157.0,3.1,0.4,1,750,Allura Clarity,Plane B,11,11.062809385398863,U104,20180412
1063,157.0,3.1,0.9,1,750,Allura Clarity,Plane B,11,12.775176112152542,U104,20180412
1064,158.0,3.1,0.0,0,750,Allura Clarity,Plane B,11,6.308259556538235,U104,20180412
1065,158.0,3.1,0.1,0,750,Allura Clarity,Plane B,11,8.332396856767017,U104,20180412
1066,158.0,3.1,0.4,0,750,Allura Clarity,Plane B,11,10.955367886782014,U104,20180412
1067,158.0,3.1,0.9,0,750,Allura Clarity,Plane B,11,12.74269444295837,U104,20180412
1068,158.0,3.1,0.0,1,750,Allura Clarity,Plane B,11,7.009884366030046,U104,20180412
1069,158.0,3.1,0.1,1,750,Allura Clarity,Plane B,11,8.715863858180814,U104,20180412
1070,158.0,3.1,0.4,1,750,Allura Clarity,Plane B,11,11.100199812921684,U104,20180412
1071,158.0,3.1,0.9,1,750,Allura Clarity,Plane B,11,12.813192398311843,U104,20180412
1072,159.0,3.1,0.0,0,750,Allura Clarity,Plane B,11,6.348781289297414,U104,20180412
1073,159.0,3.1,0.1,0,750,Allura Clarity,Plane B,11,8.372073309573988,U104,20180412
1074,159.0,3.1,0.4,0,750,Allura Clarity,Plane B,11,10.992510749587002,U104,20180412
1075,159.0,3.1,0.9,0,750,Allura Clarity,Plane B,11,12.780336404491312,U104,20180412
1076,159.0,3.1,0.0,1,750,Allura Clarity,Plane B,11,7.050425315530338,U104,20180412
1077,159.0,3.1,0.1,1,750,Allura Clarity,Plane B,11,8.755198812181797,U104,20180412
1078,159.0,3.1,0.4,1,750,Allura Clarity,Plane B,11,11.13736892258245,U104,20180412
1079,159.0,3.1,0.9,1,750,Allura Clarity,Plane B,11,12.850978531527149,U104,20180412
1080,160.0,3.1,0.0,0,750,Allura Clarity,Plane B,11,6.38920989703375,U104,20180412
1081,160.0,3.1,0.1,0,750,Allura Clarity,Plane B,11,8.41158572803849,U104,20180412
1082,160.0,3.1,0.4,0,750,Allura Clarity,Plane B,11,11.029495639823534,U104,20180412
1083,160.0,3.1,0.9,0,750,Allura Clarity,Plane B,11,12.81781373318876,U104,20180412
1084,160.0,3.1,0.0,1,750,Allura Clarity,Plane B,11,7.090841460892842,U104,20180412
1085,160.0,3.1,0.1,1,750,Allura Clarity,Plane B,11,8.794366487860701,U104,20180412
1086,160.0,3.1,0.4,1,750,Allura Clarity,Plane B,11,11.174381804738434,U104,20180412
1087,160.0,3.1,0.9,1,750,Allura Clarity,Plane B,11,12.888598298491775,U104,20180412
1088,161.0,3.1,0.0,0,750,Allura Clarity,Plane B,11,6.429609940532742,U104,20180412
1089,161.0,3.1,0.1,0,750,Allura Clarity,Plane B,11,8.45100049888106,U104,20180412
1090,161.0,3.1,0.4,0,750,Allura Clarity,Plane B,11,11.066377636091945,U104,20180412
1091,161.0,3.1,0.9,0,750,Allura Clarity,Plane B,11,12.855172448480037,U104,20180412
1092,161.0,3.1,0.0,1,750,Allura Clarity,Plane B,11,7.13119943476216,U104,20180412
1093,161.0,3.1,0.1,1,750,Allura Clarity,Plane B,11,8.833432311612748,U104,20180412
1094,161.0,3.1,0.4,1,750,Allura Clarity,Plane B,11,11.211292851480929,U104,20180412
1095,161.0,3.1,0.9,1,750,Allura Clarity,Plane B,11,12.92609740537256,U104,20180412
1096,162.0,3.1,0.0,0,750,Allura Clarity,Plane B,11,6.469868484262633,U104,20180412
1097,162.0,3.1,0.1,0,750,Allura Clarity,Plane B,11,8.490203004973242,U104,20180412
1098,162.0,3.1,0.4,0,750,Allura Clarity,Plane B,11,11.103051118155424,U104,20180412
1099,162.0,3.1,0.9,0,750,Allura Clarity,Plane B,11,12.892314878705957,U104,20180412
1100,162.0,3.1,0.0,1,750,Allura Clarity,Plane B,11,7.17138428996435,U104,20180412
1101,162.0,3.1,0.1,1,750,Allura Clarity,Plane B,11,8.872282573090319,U104,20180412
1102,162.0,3.1,0.4,1,750,Allura Clarity,Plane B,11,11.247996801571697,U104,20180412
1103,162.0,3.1,0.9,1,750,Allura Clarity,Plane B,11,12.963378551060211,U104,20180412
1104,163.0,3.1,0.0,0,750,Allura Clarity,Plane B,11,6.5100466977790905,U104,20180412
1105,163.0,3.1,0.1,0,750,Allura Clarity,Plane B,11,8.529261655493444,U104,20180412
1106,163.0,3.1,0.4,0,750,Allura Clarity,Plane B,11,11.139582057876938,U104,20180412
1107,163.0,3.1,0.9,0,750,Allura Clarity,Plane B,11,12.929300170559989,U104,20180412
1108,163.0,3.1,0.0,1,750,Allura Clarity,Plane B,11,7.211460507771212,U104,20180412
1109,163.0,3.1,0.1,1,750,Allura Clarity,Plane B,11,8.910985872893962,U104,20180412
1110,163.0,3.1,0.4,1,750,Allura Clarity,Plane B,11,11.284559295540063,U104,20180412
1111,163.0,3.1,0.9,1,750,Allura Clarity,Plane B,11,13.000500578881203,U104,20180412
1112,164.0,3.1,0.0,0,750,Allura Clarity,Plane B,11,6.550193429866634,U104,20180412
1113,164.0,3.1,0.1,0,750,Allura Clarity,Plane B,11,8.568225184678628,U104,20180412
1114,164.0,3.1,0.4,0,750,Allura Clarity,Plane B,11,11.176012654285906,U104,20180412
1115,164.0,3.1,0.9,0,750,Allura Clarity,Plane B,11,12.966165567412814,U104,20180412
1116,164.0,3.1,0.0,1,750,Allura Clarity,Plane B,11,7.251477572289056,U104,20180412
1117,164.0,3.1,0.1,1,750,Allura Clarity,Plane B,11,8.949590467823194,U104,20180412
1118,164.0,3.1,0.4,1,750,Allura Clarity,Plane B,11,11.321022149590872,U104,20180412
1119,164.0,3.1,0.9,1,750,Allura Clarity,Plane B,11,13.037500581477248,U104,20180412
1120,165.0,3.1,0.0,0,750,Allura Clarity,Plane B,11,6.590205150991147,U104,20180412
1121,165.0,3.1,0.1,0,750,Allura Clarity,Plane B,11,8.606994625619471,U104,20180412
1122,165.0,3.1,0.4,0,750,Allura Clarity,Plane B,11,11.212255256096725,U104,20180412
1123,165.0,3.1,0.9,0,750,Allura Clarity,Plane B,11,13.002831168916758,U104,20180412
1124,165.0,3.1,0.0,1,750,Allura Clarity,Plane B,11,7.291332624995417,U104,20180412
1125,165.0,3.1,0.1,1,750,Allura Clarity,Plane B,11,8.987998827859728,U104,20180412
1126,165.0,3.1,0.4,1,750,Allura Clarity,Plane B,11,11.357298150516403,U104,20180412
1127,165.0,3.1,0.9,1,750,Allura Clarity,Plane B,11,13.074298968905813,U104,20180412
1128,166.0,3.1,0.0,0,750,Allura Clarity,Plane B,11,6.630128123361016,U104,20180412
1129,166.0,3.1,0.1,0,750,Allura Clarity,Plane B,11,8.645613229843967,U104,20180412
1130,166.0,3.1,0.4,0,750,Allura Clarity,Plane B,11,11.248346019993134,U104,20180412
1131,166.0,3.1,0.9,0,750,Allura Clarity,Plane B,11,13.039328210277922,U104,20180412
1132,166.0,3.1,0.0,1,750,Allura Clarity,Plane B,11,7.331071167004805,U104,20180412
1133,166.0,3.1,0.1,1,750,Allura Clarity,Plane B,11,9.026253352362549,U104,20180412
1134,166.0,3.1,0.4,1,750,Allura Clarity,Plane B,11,11.393423068006047,U104,20180412
1135,166.0,3.1,0.9,1,750,Allura Clarity,Plane B,11,13.110926836278207,U104,20180412
1136,167.0,3.1,0.0,0,750,Allura Clarity,Plane B,11,6.670040512707869,U104,20180412
1137,167.0,3.1,0.1,0,750,Allura Clarity,Plane B,11,8.684165566232323,U104,20180412
1138,167.0,3.1,0.4,0,750,Allura Clarity,Plane B,11,11.28436277801638,U104,20180412
1139,167.0,3.1,0.9,0,750,Allura Clarity,Plane B,11,13.075725156062223,U104,20180412
1140,167.0,3.1,0.0,1,750,Allura Clarity,Plane B,11,7.370775109194581,U104,20180412
1141,167.0,3.1,0.1,1,750,Allura Clarity,Plane B,11,9.06443850650086,U104,20180412
1142,167.0,3.1,0.4,1,750,Allura Clarity,Plane B,11,11.429474194678697,U104,20180412
1143,167.0,3.1,0.9,1,750,Allura Clarity,Plane B,11,13.147452249283507,U104,20180412
1144,168.0,3.1,0.0,0,750,Allura Clarity,Plane B,11,6.709821649332488,U104,20180412
1145,168.0,3.1,0.1,0,750,Allura Clarity,Plane B,11,8.72252938671738,U104,20180412
1146,168.0,3.1,0.4,0,750,Allura Clarity,Plane B,11,11.320190669265651,U104,20180412
1147,168.0,3.1,0.9,0,750,Allura Clarity,Plane B,11,13.111916919106434,U104,20180412
1148,168.0,3.1,0.0,1,750,Allura Clarity,Plane B,11,7.410321891933494,U104,20180412
1149,168.0,3.1,0.1,1,750,Allura Clarity,Plane B,11,9.102432552088523,U104,20180412
1150,168.0,3.1,0.4,1,750,Allura Clarity,Plane B,11,11.465337044405157,U104,20180412
1151,168.0,3.1,0.9,1,750,Allura Clarity,Plane B,11,13.183770605888455,U104,20180412
1152,169.0,3.1,0.0,0,750,Allura Clarity,Plane B,11,6.749529563411163,U104,20180412
1153,169.0,3.1,0.1,0,750,Allura Clarity,Plane B,11,8.760763365404001,U104,20180412
1154,169.0,3.1,0.4,0,750,Allura Clarity,Plane B,11,11.355883778579956,U104,20180412
1155,169.0,3.1,0.9,0,750,Allura Clarity,Plane B,11,13.147951731825275,U104,20180412
1156,169.0,3.1,0.0,1,750,Allura Clarity,Plane B,11,7.449770485530137,U104,20180412
1157,169.0,3.1,0.1,1,750,Allura Clarity,Plane B,11,9.140293855811144,U104,20180412
1158,169.0,3.1,0.4,1,750,Allura Clarity,Plane B,11,11.50106537773652,U104,20180412
1159,169.0,3.1,0.9,1,750,Allura Clarity,Plane B,11,13.219929897231173,U104,20180412
1160,170.0,3.1,0.0,0,750,Allura Clarity,Plane B,11,6.789217423096068,U104,20180412
1161,170.0,3.1,0.1,0,750,Allura Clarity,Plane B,11,8.798927518975113,U104,20180412
1162,170.0,3.1,0.4,0,750,Allura Clarity,Plane B,11,11.39150352216536,U104,20180412
1163,170.0,3.1,0.9,0,750,Allura Clarity,Plane B,11,13.183887935190727,U104,20180412
1164,170.0,3.1,0.0,1,750,Allura Clarity,Plane B,11,7.4891769078536115,U104,20180412
1165,170.0,3.1,0.1,1,750,Allura Clarity,Plane B,11,9.178083160474722,U104,20180412
1166,170.0,3.1,0.4,1,750,Allura Clarity,Plane B,11,11.536720584791132,U104,20180412
1167,170.0,3.1,0.9,1,750,Allura Clarity,Plane B,11,13.255988287092276,U104,20180412
1168,171.0,3.1,0.0,0,750,Allura Clarity,Plane B,11,6.828772506020632,U104,20180412
1169,171.0,3.1,0.1,0,750,Allura Clarity,Plane B,11,8.836907989875268,U104,20180412
1170,171.0,3.1,0.4,0,750,Allura Clarity,Plane B,11,11.426939642630368,U104,20180412
1171,171.0,3.1,0.9,0,750,Allura Clarity,Plane B,11,13.219620965245904,U104,20180412
1172,171.0,3.1,0.0,1,750,Allura Clarity,Plane B,11,7.528427221836805,U104,20180412
1173,171.0,3.1,0.1,1,750,Allura Clarity,Plane B,11,9.215686847216856,U104,20180412
1174,171.0,3.1,0.4,1,750,Allura Clarity,Plane B,11,11.572192454330581,U104,20180412
1175,171.0,3.1,0.9,1,750,Allura Clarity,Plane B,11,13.291841565270285,U104,20180412
1176,172.0,3.1,0.0,0,750,Allura Clarity,Plane B,11,6.868256305066636,U104,20180412
1177,172.0,3.1,0.1,0,750,Allura Clarity,Plane B,11,8.874769078991497,U104,20180412
1178,172.0,3.1,0.4,0,750,Allura Clarity,Plane B,11,11.46225162183414,U104,20180412
1179,172.0,3.1,0.9,0,750,Allura Clarity,Plane B,11,13.255204389161026,U104,20180412
1180,172.0,3.1,0.0,1,750,Allura Clarity,Plane B,11,7.567584649438905,U104,20180412
1181,172.0,3.1,0.1,1,750,Allura Clarity,Plane B,11,9.253169042417476,U104,20180412
1182,172.0,3.1,0.4,1,750,Allura Clarity,Plane B,11,11.607540142279671,U104,20180412
1183,172.0,3.1,0.9,1,750,Allura Clarity,Plane B,11,13.327543035036232,U104,20180412
1184,173.0,3.1,0.0,0,750,Allura Clarity,Plane B,11,6.90773276196571,U104,20180412
1185,173.0,3.1,0.1,0,750,Allura Clarity,Plane B,11,8.912574136206093,U104,20180412
1186,173.0,3.1,0.4,0,750,Allura Clarity,Plane B,11,11.497499073373673,U104,20180412
1187,173.0,3.1,0.9,0,750,Allura Clarity,Plane B,11,13.29069453973433,U104,20180412
1188,173.0,3.1,0.0,1,750,Allura Clarity,Plane B,11,7.606713629467429,U104,20180412
1189,173.0,3.1,0.1,1,750,Allura Clarity,Plane B,11,9.29059259050148,U104,20180412
1190,173.0,3.1,0.4,1,750,Allura Clarity,Plane B,11,11.642823152761585,U104,20180412
1191,173.0,3.1,0.9,1,750,Allura Clarity,Plane B,11,13.363148887153905,U104,20180412
1192,174.0,3.1,0.0,0,750,Allura Clarity,Plane B,11,6.947078933326226,U104,20180412
1193,174.0,3.1,0.1,0,750,Allura Clarity,Plane B,11,8.950201842858503,U104,20180412
1194,174.0,3.1,0.4,0,750,Allura Clarity,Plane B,11,11.532567967260503,U104,20180412
1195,174.0,3.1,0.9,0,750,Allura Clarity,Plane B,11,13.325984945559938,U104,20180412
1196,174.0,3.1,0.0,1,750,Allura Clarity,Plane B,11,7.645690617449565,U104,20180412
1197,174.0,3.1,0.1,1,750,Allura Clarity,Plane B,11,9.327837054727496,U104,20180412
1198,174.0,3.1,0.4,1,750,Allura Clarity,Plane B,11,11.67792765204027,U104,20180412
1199,174.0,3.1,0.9,1,750,Allura Clarity,Plane B,11,13.398553044990672,U104,20180412
1200,175.0,3.1,0.0,0,750,Allura Clarity,Plane B,11,6.986358684193852,U104,20180412
1201,175.0,3.1,0.1,0,750,Allura Clarity,Plane B,11,8.987718439576902,U104,20180412
1202,175.0,3.1,0.4,0,750,Allura Clarity,Plane B,11,11.567517866020246,U104,20180412
1203,175.0,3.1,0.9,0,750,Allura Clarity,Plane B,11,13.361128941962448,U104,20180412
1204,175.0,3.1,0.0,1,750,Allura Clarity,Plane B,11,7.684581432660382,U104,20180412
1205,175.0,3.1,0.1,1,750,Allura Clarity,Plane B,11,9.364968204176469,U104,20180412
1206,175.0,3.1,0.4,1,750,Allura Clarity,Plane B,11,11.712912817752459,U104,20180412
1207,175.0,3.1,0.9,1,750,Allura Clarity,Plane B,11,13.433808615998169,U104,20180412
